ad_type,campaignName,adGroupName,state,defaultBid,campaign_id,ad_group_id,pulled_at
SPONSORED_BRANDS,"CAR WOOFER HL","Ad group - 5/1/2026 01:46:17.134",ENABLED,,251836717537888,508673481920178,"2026-09-19 16:57:31"
SPONSORED_BRANDS,"CAR SPEAKER HL","CAR SPEAKER HL",ENABLED,,116673232826781,348156844477408,"2026-09-19 16:57:31"
SPONSORED_BRANDS,"CONGO HL","CONGO HL",ENABLED,,99973944456376,300657345668618,"2026-09-19 16:57:31"
SPONSORED_BRANDS,"DJ RACK HL","DJ RACK HL",ENABLED,,198191260216831,474638226179763,"2026-09-19 16:57:31"
SPONSORED_BRANDS,"DJ STAND HL","DJ STAND HL",ENABLED,,87978936106032,403138639843715,"2026-09-19 16:57:31"
SPONSORED_BRANDS,"DRUM MIC HL","DRUM MIC HL",ENABLED,,197807158325269,483707105225909,"2026-09-19 16:57:31"
SPONSORED_BRANDS,"DRUM THRONE 2 HL","DRUM THRONE 2 HL",ENABLED,,264993030908380,307842783449021,"2026-09-19 16:57:31"
SPONSORED_BRANDS,"DRUM THRONE HL","DRUM THRONE HL",ENABLED,,63465644820972,382474081371366,"2026-09-19 16:57:31"
SPONSORED_BRANDS,"GRACK HL","GRACK HL",ENABLED,,21420057558852,416553970226184,"2026-09-19 16:57:31"
SPONSORED_BRANDS,"GUITAR STAND 2 HL","GUITAR STAND 2 HL",ENABLED,,89071085247937,371289141857305,"2026-09-19 16:57:31"
SPONSORED_BRANDS,"GUITAR STAND HL","GUITAR STAND HL",ENABLED,,239477275711894,505184067230479,"2026-09-19 16:57:31"
SPONSORED_BRANDS,"GUITAR STOOL HL","GUITAR STOOL HL",ENABLED,,57980386925392,448695995506443,"2026-09-19 16:57:31"
SPONSORED_BRANDS,"KEYBOARD ST BENCH HL","KEYBOARD ST BENCH HL",ENABLED,,126301266394279,524769405441061,"2026-09-19 16:57:31"
SPONSORED_BRANDS,"KEYBOARD STAND 1 HL","KEYBOARD STAND 1 HL",ENABLED,,238952695254960,292268755444799,"2026-09-19 16:57:31"
SPONSORED_BRANDS,"KEYBOARD STAND HL","KEYBOARD STAND HL",ENABLED,,20294112855896,289859974029585,"2026-09-19 16:57:31"
SPONSORED_BRANDS,"MIC STAND 1 HL","MIC STAND 1 HL",ENABLED,,8508337090416,456228633167459,"2026-09-19 16:57:31"
SPONSORED_BRANDS,"MIC STAND 2 HL","MIC STAND 2 HL",ENABLED,,65997542382601,357745772124305,"2026-09-19 16:57:31"
SPONSORED_BRANDS,"MIC STAND HL","MIC STAND HL",ENABLED,,206319980762508,391442633895875,"2026-09-19 16:57:31"
SPONSORED_BRANDS,"MUSIC STAND HL","MUSIC STAND HL",ENABLED,,756798532720,422223580153586,"2026-09-19 16:57:31"
SPONSORED_BRANDS,"PARENT 12 SP HEAD","PARENT 12 SP HEAD",ENABLED,,232967257553791,296118558984291,"2026-09-19 16:57:31"
SPONSORED_BRANDS,"PARENT 15 FR HEAD","PARENT 15 FR",ENABLED,,206650255586266,324904145609300,"2026-09-19 16:57:31"
SPONSORED_BRANDS,"PARENT 15 CW HEAD","PARENT 15 WF HEAD",ENABLED,,148437186889433,493005682262663,"2026-09-19 16:57:31"
SPONSORED_BRANDS,"PARENT CAR SPEAKER HEAD","PARENT CAR SPEAKER",ENABLED,,145661695277628,508019686121757,"2026-09-19 16:57:31"
SPONSORED_BRANDS,"PARENT DPAD HEAD","PARENT DPAD HEAD",ENABLED,,164350679211229,424550741574315,"2026-09-19 16:57:31"
SPONSORED_BRANDS,"PARENT DRUM MIC 7 HEAD","PARENT DRUM MIC 7",ENABLED,,436302287856409,342762279787127,"2026-09-19 16:57:31"
SPONSORED_BRANDS,"PARENT DRUM MIC E7 HEAD","PARENT DRUM MIC E7",ENABLED,,130598533181730,542222552634111,"2026-09-19 16:57:31"
SPONSORED_BRANDS,"PARENT DRUM MIC E9 HEAD","PARENT DRUM MIC E9",ENABLED,,134613510616550,532422630441380,"2026-09-19 16:57:31"
SPONSORED_BRANDS,"PARENT DS 01 HEAD","PARENT DS 01",ENABLED,,352682222387785,319626080221562,"2026-09-19 16:57:31"
SPONSORED_BRANDS,"PARENT DS BLKCH HEAD","PARENT DS BLKCH",ENABLED,,487083938752373,465108170022119,"2026-09-19 16:57:31"
SPONSORED_BRANDS,"PARENT DS CH HEAD","PARENT DS CH",ENABLED,,413374041045181,301246856200771,"2026-09-19 16:57:31"
SPONSORED_BRANDS,"PARENT DS CH REST LVR HEAD","PARENT DS CH REST LVR",ENABLED,,231679635701884,445242557975204,"2026-09-19 16:57:31"
SPONSORED_BRANDS,"PARENT DS GT HEAD","PARENT DS GT",ENABLED,,497581124142068,311312657902494,"2026-09-19 16:57:31"
SPONSORED_BRANDS,"PARENT DS PR HD BREST LVR HEAD","PARENT DS PR HD BREST LVR",ENABLED,,17092264772685,437532569188025,"2026-09-19 16:57:31"
SPONSORED_BRANDS,"PARENT DS PR HEAD","PARENT DS PR HEAD",ENABLED,,96529577600983,339016510209333,"2026-09-19 16:57:31"
SPONSORED_BRANDS,"PARENT DS SDL HEAD","PARENT DS SDL",ENABLED,,456950008216209,509534531429824,"2026-09-19 16:57:31"
SPONSORED_BRANDS,"PARENT DS VEL HEAD","PARENT DS VEL HEAD",ENABLED,,179285759533946,510686435800878,"2026-09-19 16:57:31"
SPONSORED_BRANDS,"PARENT DS VEL REST LVR HEAD","PARENT DS VEL REST LVR",ENABLED,,9289691893325,323083628310949,"2026-09-19 16:57:31"
SPONSORED_BRANDS,"PARENT DS VEL REST SWL HEAD","PARENT DS VEL REST SWL",ENABLED,,7533194685180,553097338671423,"2026-09-19 16:57:31"
SPONSORED_BRANDS,"PARENT DT HEAD","PARENT DT",ENABLED,,525779885977221,356036881869676,"2026-09-19 16:57:31"
SPONSORED_BRANDS,"PARENT G AMP HEAD","PARENT G AMP",ENABLED,,210486247890615,356629197983269,"2026-09-19 16:57:31"
SPONSORED_BRANDS,"PARENT GRACK HEAD","PARENT GRACK",ENABLED,,478280905355918,465469590239805,"2026-09-19 16:57:31"
SPONSORED_BRANDS,"PARENT GRDN SPK HEAD","PARENT GRDN SPK",ENABLED,,368754931731672,475087139858613,"2026-09-19 16:57:31"
SPONSORED_BRANDS,"PARENT GSH HD HEAD","PARENT GSH HD",ENABLED,,548781784734692,312688493913663,"2026-09-19 16:57:31"
SPONSORED_BRANDS,"PARENT GSH HD 2PK HEAD","PARENT GSH HD 2PK HEAD",ENABLED,,41544102935820,416166101494072,"2026-09-19 16:57:31"
SPONSORED_BRANDS,"PARENT GSS HEAD","PARENT GSS",ENABLED,,459708044197430,363433284224734,"2026-09-19 16:57:31"
SPONSORED_BRANDS,"PARENT GSS 2N1 HEAD","PARENT GSS 2N1",ENABLED,,387780790206209,486399214342238,"2026-09-19 16:57:31"
SPONSORED_BRANDS,"PARENT GSS 2PCS HEAD","PARENT GSS 2PCS HEAD",ENABLED,,199591937354306,302579226964087,"2026-09-19 16:57:31"
SPONSORED_BRANDS,"PARENT GSTOOL HEAD","PARENT GSTOOL HEAD",ENABLED,,278332906983199,391325180523615,"2026-09-19 16:57:31"
SPONSORED_BRANDS,"PARENT GSTOOL OVAL REST HEAD","PARENT GSTOOL OVAL REST HEAD",ENABLED,,157500502328965,504303450118944,"2026-09-19 16:57:31"
SPONSORED_BRANDS,"PARENT HORN 508 HEAD","PARENT HORN 508 HEAD",ENABLED,,140970329984176,539022516251117,"2026-09-19 16:57:31"
SPONSORED_BRANDS,"PARENT INSTRU MIC HEAD","PARENT INSTRU MIC",ENABLED,,410310561105320,478471091959812,"2026-09-19 16:57:31"
SPONSORED_BRANDS,"PARENT KBB H-ADJ HEAD","PARENT KBB H-ADJ",ENABLED,,347984819498201,557376029002938,"2026-09-19 16:57:31"
SPONSORED_BRANDS,"PARENT KBB HD HEAD","PARENT KBB HD",ENABLED,,219666938728870,296141327274977,"2026-09-19 16:57:31"
SPONSORED_BRANDS,"PARENT KBB SLIM HEAD","PARENT KBB SLIM",ENABLED,,530052137615244,352122516075489,"2026-09-19 16:57:31"
SPONSORED_BRANDS,"PARENT KS 1X HEAD","PARENT KS 1X HEAD",ENABLED,,530383305771018,522862590593700,"2026-09-19 16:57:31"
SPONSORED_BRANDS,"PARENT KS 2X HEAD","PARENT KS 2X",ENABLED,,446538497798553,362157592418346,"2026-09-19 16:57:31"
SPONSORED_BRANDS,"PARENT KS C 2TD HEAD","PARENT KS C 2TD",ENABLED,,516187556272461,315253877102560,"2026-09-19 16:57:31"
SPONSORED_BRANDS,"PARENT KS Z1 HEAD","PARENT KS Z1",ENABLED,,452252683150942,385374499318343,"2026-09-19 16:57:31"
SPONSORED_BRANDS,"PARENT KS Z1 HD HEAD","PARENT KS Z1 HD",ENABLED,,397048897884441,329301663357351,"2026-09-19 16:57:31"
SPONSORED_BRANDS,"PARENT KS Z1 WHL HEAD","PARENT KS Z1 WHL",ENABLED,,426139261750495,554973853472151,"2026-09-19 16:57:31"
SPONSORED_BRANDS,"PARENT MEGA 20F HEAD","PARENT MEGA 20F",ENABLED,,549423166152513,486758330916832,"2026-09-19 16:57:31"
SPONSORED_BRANDS,"PARENT MEGA SMALL HEAD","PARENT MEGA SMALL",ENABLED,,442461124977903,337030350273858,"2026-09-19 16:57:31"
SPONSORED_BRANDS,"PARENT MIC COPPER HEAD","PARENT MIC COPPER",ENABLED,,446417801109758,356754324338612,"2026-09-19 16:57:31"
SPONSORED_BRANDS,"PARENT MR 8 HEAD","PARENT MR 8",ENABLED,,410954983064937,462756074002045,"2026-09-19 16:57:31"
SPONSORED_BRANDS,"PARENT MS 080 1Pk HEAD","PARENT MS 080 1Pk",ENABLED,,550078570270208,304624849766835,"2026-09-19 16:57:31"
SPONSORED_BRANDS,"PARENT MS 080 2PK HEAD","PARENT MS 080 2PK",ENABLED,,144114701371003,511158920971957,"2026-09-19 16:57:31"
SPONSORED_BRANDS,"PARENT MS 080 4PK HEAD","PARENT MS 080 4PK",ENABLED,,220907362358009,535997295064712,"2026-09-19 16:57:31"
SPONSORED_BRANDS,"PARENT MS DBL 1Pk HEAD","PARENT MS DBL 1Pk",ENABLED,,296251236134867,344044545139178,"2026-09-19 16:57:31"
SPONSORED_BRANDS,"PARENT MS RBP HEAD","PARENT MS RBP",ENABLED,,503439014726997,320386257005934,"2026-09-19 16:57:31"
SPONSORED_BRANDS,"PARENT MUS 4S HEAD","PARENT MUS 4S",ENABLED,,513373771760774,314512340396942,"2026-09-19 16:57:31"
SPONSORED_BRANDS,"PARENT MUS FLD HEAD","PARENT MUS FLD",ENABLED,,320053571395604,559983039206895,"2026-09-19 16:57:31"
SPONSORED_BRANDS,"PARENT MUS FLD HD ACC HEAD","PARENT MUS FLD HD ACC",ENABLED,,475390583163669,388369789875826,"2026-09-19 16:57:31"
SPONSORED_BRANDS,"PARENT MX XU HEAD","PARENT MX XU",ENABLED,,330895405722945,307521458860119,"2026-09-19 16:57:31"
SPONSORED_BRANDS,"PARENT MX-L HEAD","PARENT MX-L",ENABLED,,86607207053998,399271242369792,"2026-09-19 16:57:31"
SPONSORED_BRANDS,"PARENT PA HORN UHC HEAD","PARENT PA HORN",ENABLED,,443957756839485,320551845011692,"2026-09-19 16:57:31"
SPONSORED_BRANDS,"PARENT PA HORN SUH HEAD","PARENT PA HORN SUH HEAD",ENABLED,,146392880110832,533396581873231,"2026-09-19 16:57:31"
SPONSORED_BRANDS,"Parent Piano Bench 480 HEAD","Parent Piano Bench 480",ENABLED,,181630294267366,524825257633578,"2026-09-19 16:57:31"
SPONSORED_BRANDS,"PARENT PLASTIC MIC HEAD","PARENT PLASTIC MIC",ENABLED,,350452160964593,348163026538584,"2026-09-19 16:57:31"
SPONSORED_BRANDS,"PARENT PNB B-REST HEAD","PARENT PNB B-REST",ENABLED,,485329727529758,489582329487566,"2026-09-19 16:57:31"
SPONSORED_BRANDS,"PARENT PNB WD HEAD","PARENT PNB WD",ENABLED,,66972859829679,326917104600453,"2026-09-19 16:57:31"
SPONSORED_BRANDS,"PARENT Retro Mic HEAD","PARENT Retro Mic",ENABLED,,525956390226779,530090177508965,"2026-09-19 16:57:31"
SPONSORED_BRANDS,"PARENT RM SET HEAD","PARENT RM SET",ENABLED,,361843010845560,538550449534562,"2026-09-19 16:57:31"
SPONSORED_BRANDS,"PARENT SS ECO 1Pk HEAD","PARENT SS ECO 1Pk",ENABLED,,374484059821234,318688819514995,"2026-09-19 16:57:31"
SPONSORED_BRANDS,"PARENT SS ECO 2PK HEAD","PARENT SS ECO 2PK",ENABLED,,192844970455083,487252507083177,"2026-09-19 16:57:31"
SPONSORED_BRANDS,"PARENT SS HD 1 Pk HEAD","PARENT SS HD 1 Pk",ENABLED,,330010172030729,548106115662951,"2026-09-19 16:57:31"
SPONSORED_BRANDS,"PARENT SS HD 2 Pk HEAD","PARENT SS HD 2 Pk",ENABLED,,436223230580955,388360823420119,"2026-09-19 16:57:31"
SPONSORED_BRANDS,"PARENT SS HD 2 PK 4.5 FT HEAD","PARENT SS HD 2 PK 4.5 FT HEAD",ENABLED,,180521552194875,400838687892645,"2026-09-19 16:57:31"
SPONSORED_BRANDS,"PARENT SS HD 2 Pk BAG HEAD","PARENT SS HD 2 Pk BAG",ENABLED,,190749948902973,545687347315894,"2026-09-19 16:57:31"
SPONSORED_BRANDS,"PARENT SS HD 2 Pk WOB HEAD","PARENT SS HD 2 Pk WOB HEAD",ENABLED,,137451517105285,335820849574675,"2026-09-19 16:57:31"
SPONSORED_BRANDS,"PARENT SS HD 3FT HEAD","PARENT SS HD 3FT",ENABLED,,459172343271147,544074982758853,"2026-09-19 16:57:31"
SPONSORED_BRANDS,"PARENT SS HD 3FT 1PK HEAD","PARENT SS HD 3FT 1PK HEAD",ENABLED,,226929137179098,527096998192098,"2026-09-19 16:57:31"
SPONSORED_BRANDS,"PARENT SS HD 3FT 2PK HEAD","PARENT SS HD 3FT 2PK",ENABLED,,276428711892792,355107797845573,"2026-09-19 16:57:31"
SPONSORED_BRANDS,"PARENT TOM HEAD","PARENT TOM",ENABLED,,283303061655126,473940666240495,"2026-09-19 16:57:31"
SPONSORED_BRANDS,"PIANO BENCH HL","PIANO BENCH HL",ENABLED,,243166654242837,506124570116728,"2026-09-19 16:57:31"
SPONSORED_BRANDS,"PROJECTOR STAND HL","PROJECTOR STAND HL",ENABLED,,104181652044938,534093323529100,"2026-09-19 16:57:31"
SPONSORED_BRANDS,"RETRO MIC HL","RETRO MIC HL",ENABLED,,20391052256354,305136137254100,"2026-09-19 16:57:31"
SPONSORED_PRODUCTS,"10T G 2PCS KW","10T G 2PCS",ENABLED,0.67,344257901830525,388659450392918,"2026-09-19 16:57:30"
SPONSORED_PRODUCTS,"10T G 2PCS PT","10T G 2PCS",ENABLED,0.67,477678791499577,551116307149215,"2026-09-19 16:57:30"
SPONSORED_PRODUCTS,"138 RU PT","138 RU",ENABLED,0.38,459823031219366,363823656329163,"2026-09-19 16:57:30"
SPONSORED_PRODUCTS,"148 LED KW","148 LED",ENABLED,0.85,435011766628818,520680579956002,"2026-09-19 16:57:30"
SPONSORED_PRODUCTS,"148 LED PT","148 LED",ENABLED,0.75,406318782636923,379309208418027,"2026-09-19 16:57:30"
SPONSORED_PRODUCTS,"148 LED Fba","148 LED Fba",ENABLED,0.55,331374597664893,291509140154127,"2026-09-19 16:57:30"
SPONSORED_PRODUCTS,"148 LED Fba PT","148 LED Fba",ENABLED,0.55,375169987673615,368913797727733,"2026-09-19 16:57:30"
SPONSORED_PRODUCTS,"15TG 1Pc KW","15TG 1Pc",ENABLED,0.67,425335978811994,359674216213921,"2026-09-19 16:57:30"
SPONSORED_PRODUCTS,"PARENT WALL SPK MTL PT","15TG 1Pc",ENABLED,0.67,515434068812137,489716551557019,"2026-09-19 16:57:30"
SPONSORED_PRODUCTS,"15TG 2Pcs KW","15TG 2Pcs",ENABLED,0.42,527208090508702,500224267362101,"2026-09-19 16:57:30"
SPONSORED_PRODUCTS,"15TG 2Pcs PT","15TG 2Pcs",ENABLED,0.42,414236249450149,310027604736655,"2026-09-19 16:57:30"
SPONSORED_PRODUCTS,"20R WoB.","20R WoB",ENABLED,0.71,297826427685882,425327086366838,"2026-09-19 16:57:30"
SPONSORED_PRODUCTS,"20R WoB PT","20R WoB",ENABLED,0.32,409815435732914,450797648565627,"2026-09-19 16:57:30"
SPONSORED_PRODUCTS,"PARENT MEGA 20R KW","20R-USB WoB",ENABLED,0.71,422200771388502,484762126422803,"2026-09-19 16:57:30"
SPONSORED_PRODUCTS,"PARENT MEGA 20R PT","20R-USB WoB",ENABLED,0.31,410020718920020,537925130545566,"2026-09-19 16:57:30"
SPONSORED_PRODUCTS,"20RF KW",20RF,ENABLED,0.41,282440078906760,325572573809287,"2026-09-19 16:57:30"
SPONSORED_PRODUCTS,"PARENT MEGA 20F PT",20RF,ENABLED,0.51,403210622081801,452347516135006,"2026-09-19 16:57:30"
SPONSORED_PRODUCTS,"PARENT MEGA 20F KW","20RF WB",ENABLED,0.41,535234512699410,427557539487869,"2026-09-19 16:57:30"
SPONSORED_PRODUCTS,"4501 USB PT","4501 USB",ENABLED,0.88,463054906541451,306613328325585,"2026-09-19 16:57:30"
SPONSORED_PRODUCTS,"5C-D26 KW",5C-D26,ENABLED,0.29,340067201762809,510459926682824,"2026-09-19 16:57:30"
SPONSORED_PRODUCTS,"5C-D26 2PCS KW","5C-D26 2PCS",ENABLED,0.30,383812385678422,486955640616727,"2026-09-19 16:57:30"
SPONSORED_PRODUCTS,"66SF PT",66SF,ENABLED,0.74,284555378857290,395477265369961,"2026-09-19 16:57:30"
SPONSORED_PRODUCTS,"6R PT",6R,ENABLED,0.60,530957829607542,402551024721557,"2026-09-19 16:57:30"
SPONSORED_PRODUCTS,"77SF PT",77SF,ENABLED,0.94,321679779804755,298525192818014,"2026-09-19 16:57:30"
SPONSORED_PRODUCTS,"8R PT",8R,ENABLED,0.29,329728547777705,503547603474276,"2026-09-19 16:57:30"
SPONSORED_PRODUCTS,"8R-USB WoB","8R-USB WoB",ENABLED,0.29,318335055849299,403780248975499,"2026-09-19 16:57:30"
SPONSORED_PRODUCTS,"8R-USB-WB PT",8R-USB-WB,ENABLED,0.29,520047647289988,408068432579478,"2026-09-19 16:57:30"
SPONSORED_PRODUCTS,"8R-USB-WB KW",8R-USB-WB,ENABLED,0.29,311560031110245,516190851939201,"2026-09-19 16:57:30"
SPONSORED_PRODUCTS,"PARENT A-54 PT",A-54,ENABLED,0.75,508249431094797,314406146870312,"2026-09-19 16:57:30"
SPONSORED_PRODUCTS,"PARENT A-54 KW",A-54,ENABLED,0.69,296624258599948,484481918603711,"2026-09-19 16:57:30"
SPONSORED_PRODUCTS,"A-54 2Pcs KW","A-54 2Pcs",ENABLED,0.97,487919369388902,453714445510464,"2026-09-19 16:57:30"
SPONSORED_PRODUCTS,"A-54 2Pcs PT","A-54 2Pcs",ENABLED,0.75,331267844880307,508199501607113,"2026-09-19 16:57:30"
SPONSORED_PRODUCTS,"PARENT HOME DJ PT","ACTIVE HOME 10 2-MIC",ENABLED,0.48,354107303670260,513949234255226,"2026-09-19 16:57:30"
SPONSORED_PRODUCTS,"PARENT HOME DJ KW","ACTIVE HOME 10 2-MIC",ENABLED,0.48,329164452255048,504840851160298,"2026-09-19 16:57:30"
SPONSORED_PRODUCTS,"ACTIVE HOME 10 2-MIC 2PCS KW","ACTIVE HOME 10 2-MIC 2PCS",ENABLED,0.51,296720942968956,297763966294207,"2026-09-19 16:57:30"
SPONSORED_PRODUCTS,"ACTIVE HOME 10 2-MIC 2PCS PT","ACTIVE HOME 10 2-MIC 2PCS",ENABLED,0.52,484632851416599,294228304902701,"2026-09-19 16:57:30"
SPONSORED_PRODUCTS,"ACTIVE HOME 12 2-MIC KW","ACTIVE HOME 12 2-MIC",ENABLED,0.53,299085839096084,403754954656056,"2026-09-19 16:57:30"
SPONSORED_PRODUCTS,"ACTIVE HOME 15 2-MIC KW","ACTIVE HOME 15 2-MIC",ENABLED,0.48,398780873029595,408838199833708,"2026-09-19 16:57:30"
SPONSORED_PRODUCTS,"ACTIVE HOME 8 2-MIC KW","ACTIVE HOME 8 2-MIC",ENABLED,0.48,544357104385193,455870211303503,"2026-09-19 16:57:30"
SPONSORED_PRODUCTS,"ACTIVE HOME 8 2-MIC PT","ACTIVE HOME 8 2-MIC",ENABLED,0.44,416099728463086,295077308379181,"2026-09-19 16:57:30"
SPONSORED_PRODUCTS,"PM 305 2PCS PT","Ad Group - 12/4/2025 03:00:11.167",ENABLED,1.47,284883993087376,476790792710122,"2026-09-19 16:57:30"
SPONSORED_PRODUCTS,"PARENT ARM SET KW","ARM SET 16",ENABLED,1.27,391677748955104,303144368772638,"2026-09-19 16:57:30"
SPONSORED_PRODUCTS,BETA.,BETA,ENABLED,0.75,500588927669585,385009279632314,"2026-09-19 16:57:30"
SPONSORED_PRODUCTS,"BETA PT",BETA,ENABLED,0.75,548733365874645,314536206834998,"2026-09-19 16:57:30"
SPONSORED_PRODUCTS,"BETA 2Pcs PT","BETA 2Pcs",ENABLED,0.75,496109317156722,502991152510658,"2026-09-19 16:57:30"
SPONSORED_PRODUCTS,"BETA 2Pcs","BETA 2Pcs",ENABLED,0.75,350134184221298,557844341115151,"2026-09-19 16:57:30"
SPONSORED_PRODUCTS,"BETA FBA KW","BETA FBA",ENABLED,0.67,445665739239397,460647123889684,"2026-09-19 16:57:30"
SPONSORED_PRODUCTS,"BETA FBA PT","BETA FBA",ENABLED,0.64,477701642242532,528022654428035,"2026-09-19 16:57:30"
SPONSORED_PRODUCTS,"BTUBE UNDR ST 150 PT","BTUBE UNDR ST 150",ENABLED,0.75,339239774255827,396480126869053,"2026-09-19 16:57:30"
SPONSORED_PRODUCTS,"BTUBE UNDR ST 150 LGT PT","BTUBE UNDR ST 150 LGT",ENABLED,0.78,354426708675100,419868916390090,"2026-09-19 16:57:30"
SPONSORED_PRODUCTS,"CAPO BLUE FBA","CAPO BLUE FBA",ENABLED,0.34,287245575306591,548230127276719,"2026-09-19 16:57:30"
SPONSORED_PRODUCTS,"CAPO BLUE FBA PT","CAPO BLUE FBA",ENABLED,0.34,480470195287073,419285052783456,"2026-09-19 16:57:30"
SPONSORED_PRODUCTS,"CAPO GLD FBA KW","CAPO GLD FBA",ENABLED,0.49,462764416722859,445485309256312,"2026-09-19 16:57:30"
SPONSORED_PRODUCTS,"CAPO GLD FBA PT","CAPO GLD FBA",ENABLED,0.49,336586563621616,469986995228150,"2026-09-19 16:57:30"
SPONSORED_PRODUCTS,"CAPO WH 1pc FBA KW","CAPO WH 1pc FBA",ENABLED,0.34,480478866203203,408814020670289,"2026-09-19 16:57:30"
SPONSORED_PRODUCTS,"CAPO WH 1pc FBA PT","CAPO WH 1pc FBA",ENABLED,0.33,461357195899738,361754077420476,"2026-09-19 16:57:30"
SPONSORED_PRODUCTS,"PARENT CD PT","CD 110",ENABLED,0.37,306509232102193,303595412761414,"2026-09-19 16:57:30"
SPONSORED_PRODUCTS,"PARENT CD KW","CD 110",ENABLED,0.51,7388655469633,395527879626941,"2026-09-19 16:57:30"
SPONSORED_PRODUCTS,"CD 110 2 PCS KW","CD 110 2 PCS",ENABLED,0.51,100847181675646,285314593674296,"2026-09-19 16:57:30"
SPONSORED_PRODUCTS,"CD 135 KW","CD 135",ENABLED,0.51,136186108038825,368144524146000,"2026-09-19 16:57:30"
SPONSORED_PRODUCTS,"CD 90 FBA.","CD 90",ENABLED,0.23,489107439223,288770054692978,"2026-09-19 16:57:30"
SPONSORED_PRODUCTS,"CD 90 2PCS KW","CD 90 2PCS",ENABLED,0.51,239001098661291,305579638681415,"2026-09-19 16:57:30"
SPONSORED_PRODUCTS,"CM 001 KW","CM 001",ENABLED,0.45,501716252039747,420293556062772,"2026-09-19 16:57:30"
SPONSORED_PRODUCTS,"PARENT CLR MIC KW","CM 001 ADP",ENABLED,0.45,501824292506501,477755535094706,"2026-09-19 16:57:30"
SPONSORED_PRODUCTS,"CM MOB 2M KW","CM MOB 2M",ENABLED,0.45,295701505640102,374952830562218,"2026-09-19 16:57:30"
SPONSORED_PRODUCTS,"CM-WRD 50 KW","CM-WRD 50",ENABLED,0.75,550933779838324,534614813023046,"2026-09-19 16:57:30"
SPONSORED_PRODUCTS,"CONGO 3 GREY KW","CONGO 3 GREY",ENABLED,0.67,539670761422196,333808083627281,"2026-09-19 16:57:30"
SPONSORED_PRODUCTS,"CONGO 3 GREY PT","CONGO 3 GREY",ENABLED,0.67,295079254011501,369094923047101,"2026-09-19 16:57:30"
SPONSORED_PRODUCTS,"CONGO 3XP KW","CONGO 3XP",PAUSED,0.67,476587669166674,554701521620745,"2026-09-19 16:57:30"
SPONSORED_PRODUCTS,"CONGO 3XP PT","CONGO 3XP",ENABLED,1.08,412209303549752,429788639465190,"2026-09-19 16:57:30"
SPONSORED_PRODUCTS,"CONGO 3XP Copperex KW","CONGO 3XP Copperex",PAUSED,0.67,305365001250658,380446798831457,"2026-09-19 16:57:30"
SPONSORED_PRODUCTS,"CONGO 3XP Copperex PT","CONGO 3XP Copperex",ENABLED,1.08,477496919214874,527277755120874,"2026-09-19 16:57:30"
SPONSORED_PRODUCTS,"CS 04 2W KW","CS 04 2W",ENABLED,0.14,294438129376961,523435260504315,"2026-09-19 16:57:30"
SPONSORED_PRODUCTS,"CS 04 2W PT","CS 04 2W",ENABLED,0.34,400169899650628,539315712912921,"2026-09-19 16:57:30"
SPONSORED_PRODUCTS,"CS 04 2W FBA","CS 04 2W FBA",ENABLED,0.51,414111925919603,304085283173534,"2026-09-19 16:57:30"
SPONSORED_PRODUCTS,"CS 04 2W FBA PT","CS 04 2W FBA",ENABLED,0.51,301398427422425,293211050668592,"2026-09-19 16:57:30"
SPONSORED_PRODUCTS,"PARENT CAR SPEAKER PT","CS 05 2W",ENABLED,0.34,315935106520128,421676331269742,"2026-09-19 16:57:30"
SPONSORED_PRODUCTS,"PARENT CAR SPEAKER KW","CS 05 2W",ENABLED,0.14,444300081054652,537920387122735,"2026-09-19 16:57:30"
SPONSORED_PRODUCTS,"CS 06 2W KW","CS 06 2W",ENABLED,0.14,469881857880129,553861014795940,"2026-09-19 16:57:30"
SPONSORED_PRODUCTS,"CS 06 2W PT","CS 06 2W",ENABLED,0.34,387858791955041,533860202043690,"2026-09-19 16:57:30"
SPONSORED_PRODUCTS,"CS 69 2W PT","CS 69 2W",ENABLED,0.31,504368643496611,311723923458957,"2026-09-19 16:57:30"
SPONSORED_PRODUCTS,"CS 69 2W KW","CS 69 2W",ENABLED,0.26,507570162434510,410553799519057,"2026-09-19 16:57:30"
SPONSORED_PRODUCTS,"PARENT CS 69 4PCS KW","CS 69 4W",ENABLED,0.25,529070793663092,289418417622793,"2026-09-19 16:57:30"
SPONSORED_PRODUCTS,"PARENT CS 69 4PCS PT","CS 69 4W",ENABLED,0.21,326724236046735,331259761237295,"2026-09-19 16:57:30"
SPONSORED_PRODUCTS,"CW 12120 8OHM","CW 12120 8OHM",ENABLED,0.86,354959225531028,320329409032122,"2026-09-19 16:57:30"
SPONSORED_PRODUCTS,"CW 12120 8OHM PT","CW 12120 8OHM",ENABLED,0.87,485491332338917,295008740470069,"2026-09-19 16:57:30"
SPONSORED_PRODUCTS,"DFP 04 PT","DFP 04",ENABLED,0.20,538028624899158,379827773141567,"2026-09-19 16:57:30"
SPONSORED_PRODUCTS,"DM 7ACC BLK PT","DM 7ACC BLK",ENABLED,0.67,332112450861481,372235540094762,"2026-09-19 16:57:30"
SPONSORED_PRODUCTS,"DM 7ACC BLK KW","DM 7ACC BLK",ENABLED,0.96,545832427139266,313773540510105,"2026-09-19 16:57:30"
SPONSORED_PRODUCTS,"PARENT DRUM MIC 7 ACC KW","DM 7ACC BLU",ENABLED,0.81,541604014511037,537054193771574,"2026-09-19 16:57:30"
SPONSORED_PRODUCTS,"DM 7ACC GREEN KW","DM 7ACC GREEN",ENABLED,0.81,516318691163939,423930257394293,"2026-09-19 16:57:30"
SPONSORED_PRODUCTS,"DM 7ACC RED KW","DM 7ACC RED",ENABLED,0.81,503219216151480,351871007557325,"2026-09-19 16:57:30"
SPONSORED_PRODUCTS,"DM 7ACC SLV KW","DM 7ACC SLV",ENABLED,0.81,399033528162149,317242385613714,"2026-09-19 16:57:30"
SPONSORED_PRODUCTS,"PARENT DRUM MIC 7 ACC KW.","DM 7ACC YLW",ENABLED,0.96,441272347404116,524261963963048,"2026-09-19 16:57:30"
SPONSORED_PRODUCTS,"DM 7RND BLK KW","DM 7RND BLK",ENABLED,0.75,409891745346018,436183716942339,"2026-09-19 16:57:30"
SPONSORED_PRODUCTS,"DM 7XP COPPEREX KW","DM 7XP COPPEREX",ENABLED,0.81,469746394379765,325307230811633,"2026-09-19 16:57:30"
SPONSORED_PRODUCTS,"DM E7 BLK PT","DM E7 BLK",ENABLED,0.75,316211262883933,372394058660705,"2026-09-19 16:57:30"
SPONSORED_PRODUCTS,"DM E7 BLK KW","DM E7 BLK",PAUSED,0.75,503485641998518,369183169784666,"2026-09-19 16:57:30"
SPONSORED_PRODUCTS,"DM E7 BLU KW","DM E7 BLU",PAUSED,0.75,489270241645529,356724200725658,"2026-09-19 16:57:30"
SPONSORED_PRODUCTS,"DM E7 BLU PT","DM E7 BLU",ENABLED,0.75,298858275088241,465353898580800,"2026-09-19 16:57:30"
SPONSORED_PRODUCTS,"DM E7 GRN PT","DM E7 GRN",ENABLED,0.75,490779317911267,543281300866876,"2026-09-19 16:57:30"
SPONSORED_PRODUCTS,"DM E7 GRN KW","DM E7 GRN",PAUSED,0.75,402208900484397,385689570509448,"2026-09-19 16:57:30"
SPONSORED_PRODUCTS,"DM E7 PRPL KW","DM E7 PRPL",PAUSED,0.75,376137689059727,344348442956254,"2026-09-19 16:57:30"
SPONSORED_PRODUCTS,"DM E7 PRPL PT","DM E7 PRPL",ENABLED,0.75,440416125634599,342378532109619,"2026-09-19 16:57:30"
SPONSORED_PRODUCTS,"DM E7 RED PT","DM E7 RED",ENABLED,0.75,306410322275486,431510169461114,"2026-09-19 16:57:30"
SPONSORED_PRODUCTS,"DM E7 RED KW","DM E7 RED",PAUSED,0.75,451448874638535,497423919288626,"2026-09-19 16:57:30"
SPONSORED_PRODUCTS,"DM E7 SLV PT","DM E7 SLV",ENABLED,0.75,342425563297033,365443963057627,"2026-09-19 16:57:30"
SPONSORED_PRODUCTS,"DM E7 SLV KW","DM E7 SLV",PAUSED,0.75,385109395194235,531825655043855,"2026-09-19 16:57:30"
SPONSORED_PRODUCTS,"DM E7 WH PT","DM E7 WH",ENABLED,0.75,298533558665076,432588403503807,"2026-09-19 16:57:30"
SPONSORED_PRODUCTS,"DM E7 WH KW","DM E7 WH",PAUSED,0.75,431951640804048,370199236097711,"2026-09-19 16:57:30"
SPONSORED_PRODUCTS,"DM E7 YLW PT","DM E7 YLW",ENABLED,0.75,395325410464763,319198979227905,"2026-09-19 16:57:30"
SPONSORED_PRODUCTS,"DM E7 YLW KW","DM E7 YLW",PAUSED,0.75,541820131522246,487792072152028,"2026-09-19 16:57:30"
SPONSORED_PRODUCTS,"DM E9 BLK PT","DM E9 BLK",ENABLED,0.75,290775135282297,357043020822905,"2026-09-19 16:57:30"
SPONSORED_PRODUCTS,"DM E9 BLK KW","DM E9 BLK",PAUSED,0.75,512377006044095,347338323194621,"2026-09-19 16:57:30"
SPONSORED_PRODUCTS,"DM E9 BLU PT","DM E9 BLU",ENABLED,0.75,550807327088947,372518229205964,"2026-09-19 16:57:30"
SPONSORED_PRODUCTS,"DM E9 BLU KW","DM E9 BLU",PAUSED,0.75,354133304960013,316180383713547,"2026-09-19 16:57:30"
SPONSORED_PRODUCTS,"DM E9 GRN PT","DM E9 GRN",ENABLED,0.75,541311479348250,447030708218408,"2026-09-19 16:57:30"
SPONSORED_PRODUCTS,"DM E9 GRN KW","DM E9 GRN",PAUSED,0.75,525959697798540,328408645114180,"2026-09-19 16:57:30"
SPONSORED_PRODUCTS,"DM E9 PRPL PT","DM E9 PRPL",ENABLED,0.75,392393297528638,535524841525401,"2026-09-19 16:57:30"
SPONSORED_PRODUCTS,"DM E9 PRPL KW","DM E9 PRPL",PAUSED,0.75,427092796671768,439003463606631,"2026-09-19 16:57:30"
SPONSORED_PRODUCTS,"DM E9 RED KW","DM E9 RED",PAUSED,0.75,446607262648214,522296734265588,"2026-09-19 16:57:30"
SPONSORED_PRODUCTS,"DM E9 RED PT","DM E9 RED",ENABLED,0.75,432070468741675,413607692368080,"2026-09-19 16:57:30"
SPONSORED_PRODUCTS,"DM E9 SLV KW","DM E9 SLV",PAUSED,0.75,290047404313135,322146665024457,"2026-09-19 16:57:30"
SPONSORED_PRODUCTS,"DM E9 SLV PT","DM E9 SLV",ENABLED,0.75,547637425745395,515942401154290,"2026-09-19 16:57:30"
SPONSORED_PRODUCTS,"DM E9 WH KW","DM E9 WH",PAUSED,0.75,296245394940533,449319244586026,"2026-09-19 16:57:30"
SPONSORED_PRODUCTS,"DM E9 WH PT","DM E9 WH",ENABLED,0.75,455180132520490,418193107106580,"2026-09-19 16:57:30"
SPONSORED_PRODUCTS,"DM E9 YLW KW","DM E9 YLW",PAUSED,0.75,378399389257956,375364752533862,"2026-09-19 16:57:30"
SPONSORED_PRODUCTS,"DP 200 1 Pcs KW","DP 200 1 Pcs",ENABLED,0.13,388947766460811,489387583095318,"2026-09-19 16:57:30"
SPONSORED_PRODUCTS,"PARENT DP KW","DP 200 20PCS",ENABLED,0.18,357578751585996,397990872097713,"2026-09-19 16:57:30"
SPONSORED_PRODUCTS,"DP1 50PCS KW","DP1 50PCS",ENABLED,0.18,561653511455699,336835525693992,"2026-09-19 16:57:30"
SPONSORED_PRODUCTS,"DPAD COMBO BLK KW","DPAD COMBO BLK",ENABLED,0.67,381421632197225,482270485482821,"2026-09-19 16:57:30"
SPONSORED_PRODUCTS,"DPAD COMBO GREY KW","DPAD COMBO GREY",ENABLED,0.67,490233932715566,442020630167887,"2026-09-19 16:57:30"
SPONSORED_PRODUCTS,"DPAD COMBO ORG KW","DPAD COMBO ORG",ENABLED,0.67,490705980044279,357326410981132,"2026-09-19 16:57:30"
SPONSORED_PRODUCTS,"DS 01 BLK KW","DS 01 BLK",ENABLED,1.22,502688400994888,544703302525693,"2026-09-19 16:57:30"
SPONSORED_PRODUCTS,"DS 01 BLK PT","DS 01 BLK",ENABLED,1.21,520076594281676,289329690941611,"2026-09-19 16:57:30"
SPONSORED_PRODUCTS,"DS 01 BLU PT.","DS 01 BLU",ENABLED,1.00,452859838867156,560688493088570,"2026-09-19 16:57:30"
SPONSORED_PRODUCTS,"DS 01 BLU KW","DS 01 BLU",ENABLED,0.99,414892015531781,496070957365999,"2026-09-19 16:57:30"
SPONSORED_PRODUCTS,"DS 01 BR KW","DS 01 BR",ENABLED,0.99,333145556675071,409343350071317,"2026-09-19 16:57:30"
SPONSORED_PRODUCTS,"DS 01 BR PT.","DS 01 BR",ENABLED,1.00,441988168531681,481500898981947,"2026-09-19 16:57:30"
SPONSORED_PRODUCTS,"DS 01 D-GR PT.","DS 01 D-GR",ENABLED,1.02,489595003236447,514400022762798,"2026-09-19 16:57:30"
SPONSORED_PRODUCTS,"DS 01 D-GR KW","DS 01 D-GR",ENABLED,0.97,433379693708588,542767673624166,"2026-09-19 16:57:30"
SPONSORED_PRODUCTS,"DS 01 GR KW","DS 01 GR",ENABLED,0.85,531583636302656,397061152109087,"2026-09-19 16:57:30"
SPONSORED_PRODUCTS,"DS 01 GR PT.","DS 01 GR",ENABLED,0.85,336634232288312,292678771275908,"2026-09-19 16:57:30"
SPONSORED_PRODUCTS,"DS 01 ORG PT.","DS 01 ORG",ENABLED,0.85,495616611749745,440646304788026,"2026-09-19 16:57:30"
SPONSORED_PRODUCTS,"DS 01 ORG KW","DS 01 ORG",ENABLED,0.75,469720975585171,523348229344435,"2026-09-19 16:57:30"
SPONSORED_PRODUCTS,"DS 01 RED KW","DS 01 RED",ENABLED,0.75,524850574572147,388943930462420,"2026-09-19 16:57:30"
SPONSORED_PRODUCTS,"DS 01 RED PT.","DS 01 RED",ENABLED,1.00,450112249932438,300448969444411,"2026-09-19 16:57:30"
SPONSORED_PRODUCTS,"PARENT DS 01 VLVT PT.","DS 01 VLVT BLK",ENABLED,1.00,556749192411561,470505495957195,"2026-09-19 16:57:30"
SPONSORED_PRODUCTS,"PARENT DS 01 VLVT KW","DS 01 VLVT BLK",ENABLED,1.00,526824178175732,451543538509361,"2026-09-19 16:57:30"
SPONSORED_PRODUCTS,"DS 01 WH KW","DS 01 WH",ENABLED,1.00,549463512909559,314059034341253,"2026-09-19 16:57:30"
SPONSORED_PRODUCTS,"DS 01 WH PT","DS 01 WH",ENABLED,0.85,493320433169846,387539957513186,"2026-09-19 16:57:30"
SPONSORED_PRODUCTS,"DS 01 YLW PT.","DS 01 YLW",ENABLED,1.00,476294607536081,401109787861679,"2026-09-19 16:57:30"
SPONSORED_PRODUCTS,"DS 01 YLW KW","DS 01 YLW",ENABLED,1.00,534685827400155,399483949878013,"2026-09-19 16:57:30"
SPONSORED_PRODUCTS,"DS BLK PR HD BREST LVR PT","DS BLK PR HD BREST LVR",ENABLED,1.17,297691507617889,302564555373943,"2026-09-19 16:57:30"
SPONSORED_PRODUCTS,"DS BLK PR HD BREST LVR KW","DS BLK PR HD BREST LVR",PAUSED,1.17,311985948682127,393061066256639,"2026-09-19 16:57:30"
SPONSORED_PRODUCTS,"DS BLKCH BLU KW","DS BLKCH BLU",ENABLED,0.75,530262589974205,516017244842258,"2026-09-19 16:57:30"
SPONSORED_PRODUCTS,"DS BLKCH BLU PT","DS BLKCH BLU",ENABLED,1.00,314359238300207,451510788905019,"2026-09-19 16:57:30"
SPONSORED_PRODUCTS,"DS BLKCH CML BR PT","DS BLKCH CML BR",ENABLED,0.66,378653492598347,528832536186675,"2026-09-19 16:57:30"
SPONSORED_PRODUCTS,"DS BLKCH CML BR KW","DS BLKCH CML BR",ENABLED,0.66,336311431453050,357634927235222,"2026-09-19 16:57:30"
SPONSORED_PRODUCTS,"DS BLKCH VEL BLK KW","DS BLKCH VEL BLK",ENABLED,0.66,343471599331593,440295749596159,"2026-09-19 16:57:30"
SPONSORED_PRODUCTS,"DS BLKCH VEL BLK PT","DS BLKCH VEL BLK",ENABLED,0.66,521333914206770,283038505610095,"2026-09-19 16:57:30"
SPONSORED_PRODUCTS,"DS BLKCH WH PT","DS BLKCH WH",ENABLED,1.00,342005259801823,376484514782135,"2026-09-19 16:57:30"
SPONSORED_PRODUCTS,"DS BLKCH WH KW","DS BLKCH WH",ENABLED,1.00,496979511846143,473920782304436,"2026-09-19 16:57:30"
SPONSORED_PRODUCTS,"DS BLU PR HD BREST LVR PT","DS BLU PR HD BREST LVR",ENABLED,1.17,513518035203702,533205119947589,"2026-09-19 16:57:30"
SPONSORED_PRODUCTS,"DS BLU PR HD BREST LVR KW","DS BLU PR HD BREST LVR",PAUSED,1.17,361439571555307,487644105138667,"2026-09-19 16:57:30"
SPONSORED_PRODUCTS,"DS CH BLK KW","DS CH BLK",ENABLED,1.21,383352398159879,353986115532182,"2026-09-19 16:57:30"
SPONSORED_PRODUCTS,"DS CH BLK PT","DS CH BLK",ENABLED,1.21,304535303785869,327193912804955,"2026-09-19 16:57:30"
SPONSORED_PRODUCTS,"DS CH BLK PR HD PT","DS CH BLK PR HD",ENABLED,1.21,550972451921631,524979573335512,"2026-09-19 16:57:30"
SPONSORED_PRODUCTS,"DS CH BLK PR HD KW","DS CH BLK PR HD",ENABLED,1.20,387175921140082,518432232195331,"2026-09-19 16:57:30"
SPONSORED_PRODUCTS,"PARENT DS REST LVR PT","DS CH BLK REST-LVR",ENABLED,1.44,398493428105822,478607634748484,"2026-09-19 16:57:30"
SPONSORED_PRODUCTS,"DS CH BLK REST-LVR KW","DS CH BLK REST-LVR",ENABLED,1.33,326326468747802,456978948564899,"2026-09-19 16:57:30"
SPONSORED_PRODUCTS,"DS CH BLK SDL HD KW","DS CH BLK SDL HD",ENABLED,1.26,546522082874371,536299541242302,"2026-09-19 16:57:30"
SPONSORED_PRODUCTS,"DS CH BLK VEL HD KW","DS CH BLK VEL HD",ENABLED,1.02,384942116787988,539316034736387,"2026-09-19 16:57:30"
SPONSORED_PRODUCTS,"DS CH BLK VEL HD PT","DS CH BLK VEL HD",ENABLED,0.98,343371685814491,408659290606114,"2026-09-19 16:57:30"
SPONSORED_PRODUCTS,"DS CH BLK-VEL REST LVR KW","DS CH BLK-VEL REST LVR",ENABLED,0.75,536013420587818,501049083353252,"2026-09-19 16:57:30"
SPONSORED_PRODUCTS,"DS CH BLK-VEL REST LVR PT","DS CH BLK-VEL REST LVR",ENABLED,0.75,551489865839721,284615397547782,"2026-09-19 16:57:30"
SPONSORED_PRODUCTS,"DS CH BLU KW","DS CH BLU",ENABLED,1.00,292354876930651,466849343159861,"2026-09-19 16:57:30"
SPONSORED_PRODUCTS,"DS CH BLU PT","DS CH BLU",ENABLED,1.00,428130999311680,309184425666453,"2026-09-19 16:57:30"
SPONSORED_PRODUCTS,"DS CH BLU PR HD PT","DS CH BLU PR HD",ENABLED,0.75,541983766917730,328301769425861,"2026-09-19 16:57:30"
SPONSORED_PRODUCTS,"DS CH BLU PR HD KW","DS CH BLU PR HD",PAUSED,0.75,561530228355333,447384429815416,"2026-09-19 16:57:30"
SPONSORED_PRODUCTS,"DS CH BLU REST-LVR KW","DS CH BLU REST-LVR",ENABLED,0.75,554830049738338,502720659855555,"2026-09-19 16:57:30"
SPONSORED_PRODUCTS,"DS CH BLU REST-LVR PT","DS CH BLU REST-LVR",ENABLED,0.75,384509979493376,427787744183987,"2026-09-19 16:57:30"
SPONSORED_PRODUCTS,"DS CH BLU SDL HD PT","DS CH BLU SDL HD",ENABLED,1.13,501292882420684,399601170890267,"2026-09-19 16:57:30"
SPONSORED_PRODUCTS,"DS CH BLU SDL HD KW","DS CH BLU SDL HD",ENABLED,1.11,498857754134473,351485616857014,"2026-09-19 16:57:30"
SPONSORED_PRODUCTS,"DS CH BLU VEL HD KW","DS CH BLU VEL HD",ENABLED,1.02,322209781301159,558842249719142,"2026-09-19 16:57:30"
SPONSORED_PRODUCTS,"DS CH BLU VEL HD PT","DS CH BLU VEL HD",ENABLED,0.95,287486310977489,501023457361516,"2026-09-19 16:57:30"
SPONSORED_PRODUCTS,"DS CH BLU-VEL REST LVR KW","DS CH BLU-VEL REST LVR",ENABLED,0.75,430732681756679,461381397923514,"2026-09-19 16:57:30"
SPONSORED_PRODUCTS,"DS CH BLU-VEL REST LVR PT","DS CH BLU-VEL REST LVR",ENABLED,0.75,451964169313760,517072469477527,"2026-09-19 16:57:30"
SPONSORED_PRODUCTS,"DS CH BR KW","DS CH BR",ENABLED,0.75,538803976841216,486010525418230,"2026-09-19 16:57:30"
SPONSORED_PRODUCTS,"DS CH BR PT","DS CH BR",ENABLED,1.00,551991181202037,375716678670187,"2026-09-19 16:57:30"
SPONSORED_PRODUCTS,"DS CH BR PR HD KW","DS CH BR PR HD",ENABLED,0.75,528232228038885,497040033692727,"2026-09-19 16:57:30"
SPONSORED_PRODUCTS,"DS CH BR PR HD PT","DS CH BR PR HD",ENABLED,0.75,476264023860830,545849374215053,"2026-09-19 16:57:30"
SPONSORED_PRODUCTS,"DS CH BR REST-LVR KW","DS CH BR REST-LVR",ENABLED,1.14,350759210178353,472214222410295,"2026-09-19 16:57:30"
SPONSORED_PRODUCTS,"DS CH BR REST-LVR PT","DS CH BR REST-LVR",ENABLED,0.72,551819926310338,436371522323065,"2026-09-19 16:57:30"
SPONSORED_PRODUCTS,"DS CH BR SDL HD KW","DS CH BR SDL HD",ENABLED,1.20,543475897971503,318972566275498,"2026-09-19 16:57:30"
SPONSORED_PRODUCTS,"DS CH BR SDL HD PT.","DS CH BR SDL HD",ENABLED,1.18,293683313537818,517326369116381,"2026-09-19 16:57:30"
SPONSORED_PRODUCTS,"DS CH BRWN-VEL REST LVR KW","DS CH BRWN-VEL REST LVR",ENABLED,0.75,463183495748062,288056591963670,"2026-09-19 16:57:30"
SPONSORED_PRODUCTS,"DS CH BRWN-VEL REST LVR PT","DS CH BRWN-VEL REST LVR",ENABLED,0.75,385305653313794,386221956989268,"2026-09-19 16:57:30"
SPONSORED_PRODUCTS,"DS CH CHERRY SDL HD PT.","DS CH CHERRY SDL HD",ENABLED,1.23,440474868137877,451756983710293,"2026-09-19 16:57:30"
SPONSORED_PRODUCTS,"DS CH CHERRY SDL HD KW","DS CH CHERRY SDL HD",ENABLED,1.23,348457736664856,360145832523317,"2026-09-19 16:57:30"
SPONSORED_PRODUCTS,"DS CH CHERRY-VEL REST LVR KW","DS CH CHERRY-VEL REST LVR",ENABLED,0.75,433401973360294,412071920590379,"2026-09-19 16:57:30"
SPONSORED_PRODUCTS,"DS CH CHERRY-VEL REST LVR PT","DS CH CHERRY-VEL REST LVR",ENABLED,0.75,320500683858023,408140826192205,"2026-09-19 16:57:30"
SPONSORED_PRODUCTS,"DS CH D-GR SDL HD KW","DS CH D-GR SDL HD",ENABLED,1.11,392150507177481,296925423114139,"2026-09-19 16:57:30"
SPONSORED_PRODUCTS,"DS CH D-GR SDL HD PT.","DS CH D-GR SDL HD",ENABLED,1.13,286091885100736,293292132170591,"2026-09-19 16:57:30"
SPONSORED_PRODUCTS,"DS CH D-GR VEL HD PT","DS CH D-GR VEL HD",ENABLED,0.58,431831287612437,317555901049496,"2026-09-19 16:57:30"
SPONSORED_PRODUCTS,"DS CH D-GR VEL HD KW","DS CH D-GR VEL HD",ENABLED,0.61,399888375184794,430456273748788,"2026-09-19 16:57:30"
SPONSORED_PRODUCTS,"DS CH GR KW","DS CH GR",ENABLED,1.00,365515209401298,417159179692640,"2026-09-19 16:57:30"
SPONSORED_PRODUCTS,"DS CH GR PT","DS CH GR",ENABLED,1.00,445517315339045,323191045354968,"2026-09-19 16:57:30"
SPONSORED_PRODUCTS,"PARENT DS PR PT","DS CH GR PR HD",ENABLED,0.75,544956732836370,548395074590112,"2026-09-19 16:57:30"
SPONSORED_PRODUCTS,"DS CH GR-VEL REST LVR KW","DS CH GR-VEL REST LVR",ENABLED,0.75,325420476847989,423486440513195,"2026-09-19 16:57:30"
SPONSORED_PRODUCTS,"DS CH GR-VEL REST LVR PT","DS CH GR-VEL REST LVR",ENABLED,0.75,433168356208793,344942688351345,"2026-09-19 16:57:30"
SPONSORED_PRODUCTS,"DS CH MAGA KW","DS CH MAGA KW",ENABLED,1.08,223479008013645,279732912701826,"2026-09-19 16:57:30"
SPONSORED_PRODUCTS,"DS CH ORG SDL HD PT","DS CH ORG SDL HD",ENABLED,1.21,559975135924585,519997550346556,"2026-09-19 16:57:30"
SPONSORED_PRODUCTS,"DS CH ORG SDL HD KW","DS CH ORG SDL HD",PAUSED,1.21,556126260949547,553261216975163,"2026-09-19 16:57:30"
SPONSORED_PRODUCTS,"PARENT DS VEL KW","DS CH ORG VEL HD",ENABLED,0.61,338299549339324,319591938934913,"2026-09-19 16:57:30"
SPONSORED_PRODUCTS,"PARENT DS VEL PT","DS CH ORG VEL HD",ENABLED,0.58,434464735475237,537054306507531,"2026-09-19 16:57:30"
SPONSORED_PRODUCTS,"DS CH ORG-VEL REST LVR KW","DS CH ORG-VEL REST LVR",ENABLED,0.75,475300467300502,470991218605098,"2026-09-19 16:57:30"
SPONSORED_PRODUCTS,"DS CH ORG-VEL REST LVR PT","DS CH ORG-VEL REST LVR",ENABLED,0.75,396856914439213,337979717427350,"2026-09-19 16:57:30"
SPONSORED_PRODUCTS,"DS CH PNK REST-LVR KW","DS CH PNK REST-LVR",PAUSED,1.17,407805783816570,456822759263819,"2026-09-19 16:57:30"
SPONSORED_PRODUCTS,"DS CH PNK REST-LVR PT.","DS CH PNK REST-LVR",ENABLED,1.14,538899221933111,512878394693338,"2026-09-19 16:57:30"
SPONSORED_PRODUCTS,"DS CH PNK REST-LVR PT","DS CH PNK REST-LVR",ENABLED,0.75,392413163019738,305451413128985,"2026-09-19 16:57:30"
SPONSORED_PRODUCTS,"DS CH PRPL REST-LVR KW","DS CH PRPL REST-LVR",PAUSED,1.31,497164439734318,546185543617655,"2026-09-19 16:57:30"
SPONSORED_PRODUCTS,"DS CH PRPL REST-LVR PT","DS CH PRPL REST-LVR",ENABLED,1.31,523317296106011,548426942856403,"2026-09-19 16:57:30"
SPONSORED_PRODUCTS,"DS CH PRPL REST-LVR PT.","DS CH PRPL REST-LVR",ENABLED,1.37,291606217432333,493935301936756,"2026-09-19 16:57:30"
SPONSORED_PRODUCTS,"DS CH PUR-VEL REST LVR PT","DS CH PUR-VEL REST LVR",ENABLED,0.75,546985837954675,416484596516944,"2026-09-19 16:57:30"
SPONSORED_PRODUCTS,"DS CH PUR-VEL REST LVR KW","DS CH PUR-VEL REST LVR",ENABLED,0.75,500262222053984,475381765070520,"2026-09-19 16:57:30"
SPONSORED_PRODUCTS,"DS CH PURPLE SDL HD KW","DS CH PURPLE SDL HD",ENABLED,1.11,418667571668071,287314021941019,"2026-09-19 16:57:30"
SPONSORED_PRODUCTS,"DS CH PURPLE SDL HD PT.","DS CH PURPLE SDL HD",ENABLED,1.13,447616232314980,370515885871394,"2026-09-19 16:57:30"
SPONSORED_PRODUCTS,"DS CH RED PT","DS CH RED",ENABLED,0.96,503996614182301,408102095345157,"2026-09-19 16:57:30"
SPONSORED_PRODUCTS,"DS CH RED KW","DS CH RED",ENABLED,1.00,342037374652376,382004215864499,"2026-09-19 16:57:30"
SPONSORED_PRODUCTS,"DS CH RED PR HD PT","DS CH RED PR HD",ENABLED,1.50,387858000942680,537105199504958,"2026-09-19 16:57:30"
SPONSORED_PRODUCTS,"DS CH RED PR HD KW","DS CH RED PR HD",ENABLED,1.76,518716062739933,548928194552293,"2026-09-19 16:57:30"
SPONSORED_PRODUCTS,"DS CH RED REST-LVR PT","DS CH RED REST-LVR",ENABLED,0.75,548407917089640,414171067253589,"2026-09-19 16:57:30"
SPONSORED_PRODUCTS,"DS CH RED SDL HD PT.","DS CH RED SDL HD",ENABLED,1.13,282874809842911,545343945875893,"2026-09-19 16:57:30"
SPONSORED_PRODUCTS,"DS CH RED SDL HD KW","DS CH RED SDL HD",ENABLED,1.11,425395654610912,334826530315477,"2026-09-19 16:57:30"
SPONSORED_PRODUCTS,"DS CH RED VEL HD KW","DS CH RED VEL HD",ENABLED,1.11,314805757422282,448698770192912,"2026-09-19 16:57:30"
SPONSORED_PRODUCTS,"DS CH RED VEL HD PT","DS CH RED VEL HD",ENABLED,1.13,469388122277961,516454295118152,"2026-09-19 16:57:30"
SPONSORED_PRODUCTS,"DS CH RED-VEL REST LVR KW","DS CH RED-VEL REST LVR",ENABLED,0.75,502077142881206,442539949776707,"2026-09-19 16:57:30"
SPONSORED_PRODUCTS,"DS CH RED-VEL REST LVR PT","DS CH RED-VEL REST LVR",ENABLED,0.75,416579081855204,390516312403582,"2026-09-19 16:57:30"
SPONSORED_PRODUCTS,"DS CH WH PT","DS CH WH",ENABLED,0.97,427524125306165,311700674350321,"2026-09-19 16:57:30"
SPONSORED_PRODUCTS,"DS CH WH KW","DS CH WH",ENABLED,1.00,283286862188179,361034086149711,"2026-09-19 16:57:30"
SPONSORED_PRODUCTS,"DS CH WH REST-LVR KW","DS CH WH REST-LVR",PAUSED,1.17,283889410521009,425665030666038,"2026-09-19 16:57:30"
SPONSORED_PRODUCTS,"DS CH WH REST-LVR PT","DS CH WH REST-LVR",ENABLED,1.17,282787712208099,496860375091313,"2026-09-19 16:57:30"
SPONSORED_PRODUCTS,"DS CH WH REST-LVR PT.","DS CH WH REST-LVR",ENABLED,1.14,374793710097710,317637641903351,"2026-09-19 16:57:30"
SPONSORED_PRODUCTS,"DS CH WH SDL PT.","DS CH WH SDL",ENABLED,0.98,515463699522765,438395764153993,"2026-09-19 16:57:30"
SPONSORED_PRODUCTS,"DS CH WH SDL KW","DS CH WH SDL",ENABLED,0.75,383667315370849,423490654250979,"2026-09-19 16:57:30"
SPONSORED_PRODUCTS,"DS CH WH SDL HD PT.","DS CH WH SDL HD",ENABLED,1.13,528803483373985,351142788071819,"2026-09-19 16:57:30"
SPONSORED_PRODUCTS,"DS CH WH SDL HD KW","DS CH WH SDL HD",ENABLED,1.11,491574341900718,530521625384167,"2026-09-19 16:57:30"
SPONSORED_PRODUCTS,"DS CH WH-VEL REST LVR PT","DS CH WH-VEL REST LVR",ENABLED,0.75,519482268044371,530052535816663,"2026-09-19 16:57:30"
SPONSORED_PRODUCTS,"DS CH WH-VEL REST LVR KW","DS CH WH-VEL REST LVR",ENABLED,0.75,411348718235132,372594095676728,"2026-09-19 16:57:30"
SPONSORED_PRODUCTS,"DS CH YLW PT","DS CH YLW",ENABLED,0.97,337393744681807,425448624105486,"2026-09-19 16:57:30"
SPONSORED_PRODUCTS,"DS CH YLW KW","DS CH YLW",ENABLED,1.00,532232964369851,349539729084197,"2026-09-19 16:57:30"
SPONSORED_PRODUCTS,"DS CH YLW REST-LVR PT","DS CH YLW REST-LVR",ENABLED,0.75,316407401323250,338833035319201,"2026-09-19 16:57:30"
SPONSORED_PRODUCTS,"DS CH YLW REST-LVR KW","DS CH YLW REST-LVR",ENABLED,0.75,489348683872711,508877262303036,"2026-09-19 16:57:30"
SPONSORED_PRODUCTS,"PARENT DS SDL KW","DS CH YLW SDL HD",ENABLED,0.75,530009279074487,339475718238862,"2026-09-19 16:57:30"
SPONSORED_PRODUCTS,"PARENT DS SDL PT","DS CH YLW SDL HD",ENABLED,1.18,561237782353470,420966902909348,"2026-09-19 16:57:30"
SPONSORED_PRODUCTS,"DS CH YLW VEL HD PT","DS CH YLW VEL HD",ENABLED,0.58,531633604627586,533515047831479,"2026-09-19 16:57:30"
SPONSORED_PRODUCTS,"DS CH YLW VEL HD KW","DS CH YLW VEL HD",ENABLED,0.61,548613072579189,306945479940552,"2026-09-19 16:57:30"
SPONSORED_PRODUCTS,"DS CH YLW-VEL REST LVR KW","DS CH YLW-VEL REST LVR",ENABLED,0.75,327827473930454,479684505322925,"2026-09-19 16:57:30"
SPONSORED_PRODUCTS,"DS CH YLW-VEL REST LVR PT","DS CH YLW-VEL REST LVR",ENABLED,0.75,502870976702369,423822673052116,"2026-09-19 16:57:30"
SPONSORED_PRODUCTS,"DS CMLBRW PR HD BREST LVR KW","DS CMLBRW PR HD BREST LVR",PAUSED,1.17,495167776043850,390482024358678,"2026-09-19 16:57:30"
SPONSORED_PRODUCTS,"DS CMLBRW PR HD BREST LVR PT","DS CMLBRW PR HD BREST LVR",ENABLED,1.17,411906975207669,490527833761074,"2026-09-19 16:57:30"
SPONSORED_PRODUCTS,"PARENT DS PR HD BREST LVR KW","DS GR PR HD BREST LVR",ENABLED,0.75,347171058488313,300267057670557,"2026-09-19 16:57:30"
SPONSORED_PRODUCTS,"PARENT DS PR HD BREST LVR PT","DS GR PR HD BREST LVR",ENABLED,0.75,398396693078505,448964642223886,"2026-09-19 16:57:30"
SPONSORED_PRODUCTS,"DS GT BLK-VEL PT","DS GT BLK-VEL",ENABLED,1.21,552863166041886,406866762523306,"2026-09-19 16:57:30"
SPONSORED_PRODUCTS,"DS GT BLK-VEL KW","DS GT BLK-VEL",PAUSED,1.19,293569101617827,527505671603049,"2026-09-19 16:57:30"
SPONSORED_PRODUCTS,"DS GT BLK-VEL BKREST PT","DS GT BLK-VEL BKREST",ENABLED,1.21,412305218721387,431068303609815,"2026-09-19 16:57:30"
SPONSORED_PRODUCTS,"DS GT BLK-VEL BKREST KW","DS GT BLK-VEL BKREST",PAUSED,0.75,531186983060300,419023713737727,"2026-09-19 16:57:30"
SPONSORED_PRODUCTS,"PARENT DS GT KW","DS GT RED-VEL",ENABLED,1.19,525187069116129,373482570812946,"2026-09-19 16:57:30"
SPONSORED_PRODUCTS,"DS GT RED-VEL BKREST PT","DS GT RED-VEL BKREST",ENABLED,1.21,437919244914737,317022599441717,"2026-09-19 16:57:30"
SPONSORED_PRODUCTS,"DS GT RED-VEL BKREST KW","DS GT RED-VEL BKREST",PAUSED,1.18,314250433094491,480780482290854,"2026-09-19 16:57:30"
SPONSORED_PRODUCTS,"DS RED PR HD BREST LVR PT","DS RED PR HD BREST LVR",ENABLED,1.17,326608260721443,548220092923614,"2026-09-19 16:57:30"
SPONSORED_PRODUCTS,"DS RED PR HD BREST LVR KW","DS RED PR HD BREST LVR",PAUSED,1.17,394986247350338,328631310495494,"2026-09-19 16:57:30"
SPONSORED_PRODUCTS,"DS VEL BLK REST-SWL KW","DS VEL BLK REST-SWL",ENABLED,1.31,375375582123580,430330270137335,"2026-09-19 16:57:30"
SPONSORED_PRODUCTS,"DS VEL BLK REST-SWL PT","DS VEL BLK REST-SWL",ENABLED,1.31,481725017698200,447484398288006,"2026-09-19 16:57:30"
SPONSORED_PRODUCTS,"DS VEL BLU REST-SWL PT","DS VEL BLU REST-SWL",ENABLED,1.31,325211638317707,363789815042445,"2026-09-19 16:57:30"
SPONSORED_PRODUCTS,"DS VEL BLU REST-SWL KW","DS VEL BLU REST-SWL",ENABLED,0.75,483747534618353,385219023654113,"2026-09-19 16:57:30"
SPONSORED_PRODUCTS,"DS VEL CMLBRW REST-SWL KW","DS VEL CMLBRW REST-SWL",ENABLED,1.31,530680798462263,375616050285334,"2026-09-19 16:57:30"
SPONSORED_PRODUCTS,"DS VEL CMLBRW REST-SWL PT","DS VEL CMLBRW REST-SWL",ENABLED,1.31,402560188774498,306326816287578,"2026-09-19 16:57:30"
SPONSORED_PRODUCTS,"DS VEL GR REST-SWL KW","DS VEL GR REST-SWL",ENABLED,1.31,484439858923917,523751951109020,"2026-09-19 16:57:30"
SPONSORED_PRODUCTS,"DS VEL GR REST-SWL PT","DS VEL GR REST-SWL",ENABLED,1.31,438522044914142,444067726962589,"2026-09-19 16:57:30"
SPONSORED_PRODUCTS,"DS VEL RED REST-LVR KW","DS VEL RED REST-LVR",ENABLED,0.75,321690243695368,342749693211768,"2026-09-19 16:57:30"
SPONSORED_PRODUCTS,"DS VEL RED REST-LVR PT","DS VEL RED REST-LVR",ENABLED,0.75,309484447910824,298122998899871,"2026-09-19 16:57:30"
SPONSORED_PRODUCTS,"PARENT DS VEL REST SWL PT","DS VEL RED REST-SWL",ENABLED,1.31,429796411825843,324328496758385,"2026-09-19 16:57:30"
SPONSORED_PRODUCTS,"PARENT DS VEL REST SWL KW","DS VEL RED REST-SWL",ENABLED,1.31,306022900387387,426831977144815,"2026-09-19 16:57:30"
SPONSORED_PRODUCTS,"DTL 16PK","DTL 16PK",ENABLED,0.92,473587553101867,495924208898233,"2026-09-19 16:57:30"
SPONSORED_PRODUCTS,"DTL 16PK PT","DTL 16PK",ENABLED,0.73,435034180385788,376073624204310,"2026-09-19 16:57:30"
SPONSORED_PRODUCTS,"DTL 4PK PT","DTL 4PK",ENABLED,0.73,446882459237270,530469894084598,"2026-09-19 16:57:30"
SPONSORED_PRODUCTS,"DU 40W KW","DU 40W",ENABLED,0.65,503312489145623,296920980495708,"2026-09-19 16:57:30"
SPONSORED_PRODUCTS,"DU 40W PT","DU 40W",ENABLED,0.66,347496890969628,290674026035331,"2026-09-19 16:57:30"
SPONSORED_PRODUCTS,"DU 50W.","DU 50W",ENABLED,0.24,459884115946986,385602979078475,"2026-09-19 16:57:30"
SPONSORED_PRODUCTS,"DU 50W PT","DU 50W",ENABLED,0.20,434100479729958,369568866230205,"2026-09-19 16:57:30"
SPONSORED_PRODUCTS,"PARENT Driver Unit PT","DU 60W",ENABLED,0.50,347586196925376,445841239228597,"2026-09-19 16:57:30"
SPONSORED_PRODUCTS,"PARENT Driver Unit KW","DU 60W",ENABLED,0.46,491455397152764,344707413822659,"2026-09-19 16:57:30"
SPONSORED_PRODUCTS,"DU 60W FBA PT","DU 60W FBA",ENABLED,0.57,289575302685524,361729632975033,"2026-09-19 16:57:30"
SPONSORED_PRODUCTS,"DU 60W FBA","DU 60W FBA",ENABLED,0.57,330033084921299,316595784379818,"2026-09-19 16:57:30"
SPONSORED_PRODUCTS,"Parent EDA KW","EDA 80W BT",ENABLED,0.75,518722512286462,465388597011612,"2026-09-19 16:57:30"
SPONSORED_PRODUCTS,"Parent EDA PT","EDA 80W BT",ENABLED,0.75,415035610945509,340582141617282,"2026-09-19 16:57:30"
SPONSORED_PRODUCTS,"ET 10FT BLU FBA KW","ET 10FT BLU FBA",ENABLED,0.75,337521028973501,479114819950807,"2026-09-19 16:57:30"
SPONSORED_PRODUCTS,"ET 10FT BLU FBA PT","ET 10FT BLU FBA",ENABLED,0.75,501794896879549,391044082491358,"2026-09-19 16:57:30"
SPONSORED_PRODUCTS,"ET 6FT BLU fba KW","ET 6FT BLU fba",ENABLED,0.75,385263234024489,458007754052737,"2026-09-19 16:57:30"
SPONSORED_PRODUCTS,"ET 6FT BLU fba PT","ET 6FT BLU fba",ENABLED,0.75,361054293518864,518878770589538,"2026-09-19 16:57:30"
SPONSORED_PRODUCTS,"PARENT EXTENSION PT","EXC BLK 15FT FBA",ENABLED,0.64,493491820275093,357641451378802,"2026-09-19 16:57:30"
SPONSORED_PRODUCTS,"EXC BLK 15FT FBA KW","EXC BLK 15FT FBA",ENABLED,0.62,496792643898905,508728185387481,"2026-09-19 16:57:30"
SPONSORED_PRODUCTS,"PARENT FOG KW","FOG 1200",ENABLED,0.89,421072385473928,530860265823169,"2026-09-19 16:57:30"
SPONSORED_PRODUCTS,,"FOG 1500",ENABLED,0.75,377221725876734,322826226402293,"2026-09-19 16:57:30"
SPONSORED_PRODUCTS,,"FOG 1500",PAUSED,0.76,393816414558805,470442024776395,"2026-09-19 16:57:30"
SPONSORED_PRODUCTS,,"FOG 2500",ENABLED,0.75,555672410747882,524168024101487,"2026-09-19 16:57:30"
SPONSORED_PRODUCTS,,"FOG 2500",ENABLED,0.70,480599812335660,519139175737605,"2026-09-19 16:57:30"
SPONSORED_PRODUCTS,"PARENT FOG PT","FOG 750 ORG",ENABLED,0.58,405915218847953,369033969038151,"2026-09-19 16:57:30"
SPONSORED_PRODUCTS,"FR 10 185 AL 8OHMS KW","FR 10 185 AL 8OHMS",PAUSED,0.51,85217488447529,478274051787022,"2026-09-19 16:57:30"
SPONSORED_PRODUCTS,"FR 15 140 MS KW","FR 15 140 MS",PAUSED,0.48,440812187549408,369874378753127,"2026-09-19 16:57:30"
SPONSORED_PRODUCTS,"PARENT 15 FR KW","FR 15 140 MS 2PCS",ENABLED,0.95,490211597109554,382928272591237,"2026-09-19 16:57:30"
SPONSORED_PRODUCTS,"FR 15 140 MS 2PCS PT","FR 15 140 MS 2PCS",ENABLED,0.75,484124918547259,428335798912437,"2026-09-19 16:57:30"
SPONSORED_PRODUCTS,"FR 15190 17 AL KW","FR 15190 17 AL",ENABLED,0.38,366301971748329,506383956670723,"2026-09-19 16:57:30"
SPONSORED_PRODUCTS,"FR 15190 17 AL PT","FR 15190 17 AL",ENABLED,0.57,448899410700926,400433177758628,"2026-09-19 16:57:30"
SPONSORED_PRODUCTS,"FR 15200 23 AL PT","FR 15200 23 AL",ENABLED,0.64,406150692378598,378551000822472,"2026-09-19 16:57:30"
SPONSORED_PRODUCTS,"FR 15200 23 AL KW","FR 15200 23 AL",PAUSED,0.38,522786888541054,527729675495060,"2026-09-19 16:57:30"
SPONSORED_PRODUCTS,"FR 18 190 AL KW","FR 18 190 AL",PAUSED,0.45,360059426726243,554700934930110,"2026-09-19 16:57:30"
SPONSORED_PRODUCTS,"PARENT 18 FR PT","FR 18 190 AL",ENABLED,0.47,556060362017307,361880877057442,"2026-09-19 16:57:30"
SPONSORED_PRODUCTS,"PARENT 18 FR KW","FR 18 190 MS",ENABLED,0.32,363608212632169,324656549671979,"2026-09-19 16:57:30"
SPONSORED_PRODUCTS,"FR 18 190 MS PT","FR 18 190 MS",ENABLED,0.36,510520848525750,311631237623852,"2026-09-19 16:57:30"
SPONSORED_PRODUCTS,"GA 20 BLK PT","GA 20 BLK",ENABLED,0.50,506696862832431,496702230170166,"2026-09-19 16:57:30"
SPONSORED_PRODUCTS,"GA 20 BLK KW","GA 20 BLK",ENABLED,0.50,291440300843050,413906515502998,"2026-09-19 16:57:30"
SPONSORED_PRODUCTS,"PARENT G AMP PT","GA 20 BLK NW",ENABLED,0.43,395708473702286,532089597219048,"2026-09-19 16:57:30"
SPONSORED_PRODUCTS,"GA 20W BLK-WH KW","GA 20W BLK-WH",ENABLED,0.36,370585420703837,558415766996476,"2026-09-19 16:57:30"
SPONSORED_PRODUCTS,"GA 20W BLK-WH PT","GA 20W BLK-WH",ENABLED,0.43,341840315745585,283506384338572,"2026-09-19 16:57:30"
SPONSORED_PRODUCTS,"GA 20W GL BLK KW","GA 20W GL BLK",ENABLED,0.75,383281780855392,290628615562828,"2026-09-19 16:57:30"
SPONSORED_PRODUCTS,"GA 20W GL BLK PT","GA 20W GL BLK",ENABLED,0.46,509980836323446,421587136818973,"2026-09-19 16:57:30"
SPONSORED_PRODUCTS,"GA 50 BLK PT","GA 50 BLK",ENABLED,0.63,321703943842760,449175136036532,"2026-09-19 16:57:30"
SPONSORED_PRODUCTS,"GA 50 BLK KW","GA 50 BLK",ENABLED,0.77,337659997443322,380495181790085,"2026-09-19 16:57:30"
SPONSORED_PRODUCTS,"GA 50W GLD-BLK KW","GA 50W GLD-BLK",ENABLED,0.80,312548185276741,420713749457919,"2026-09-19 16:57:30"
SPONSORED_PRODUCTS,"GA 50W GLD-BLK PT","GA 50W GLD-BLK",ENABLED,0.75,477102920935608,410222364960504,"2026-09-19 16:57:30"
SPONSORED_PRODUCTS,"GA 80W GLD-BLK PT","GA 80W GLD-BLK",ENABLED,0.65,375833009956862,453911528356733,"2026-09-19 16:57:30"
SPONSORED_PRODUCTS,"GA 80W GLD-BLK KW","GA 80W GLD-BLK",ENABLED,0.83,396256555113624,371639664982041,"2026-09-19 16:57:30"
SPONSORED_PRODUCTS,"PARENT Guitar Amp Stand PT","GAS 01 BLK",ENABLED,0.48,307617162646753,360329593557779,"2026-09-19 16:57:30"
SPONSORED_PRODUCTS,"GFF TP BLK FBA KW","GFF TP BLK",ENABLED,1.26,373083546143377,438614615454677,"2026-09-19 16:57:30"
SPONSORED_PRODUCTS,"GFF TP BLK 4pcs PT","GFF TP BLK 4pcs",ENABLED,0.79,548451131233890,423160269166217,"2026-09-19 16:57:30"
SPONSORED_PRODUCTS,"GFF TP BLK 4pcs KW","GFF TP BLK 4pcs",ENABLED,0.78,556226870124931,329366888911249,"2026-09-19 16:57:30"
SPONSORED_PRODUCTS,"GFF TP BRWN 4pcs KW","GFF TP BRWN 4pcs",ENABLED,0.78,347894102896707,437235423353926,"2026-09-19 16:57:30"
SPONSORED_PRODUCTS,"PARENT GFF TP 4PCS KW","GFF TP BRWN 4pcs",ENABLED,0.87,291755581462789,283132677752626,"2026-09-19 16:57:30"
SPONSORED_PRODUCTS,"PARENT GFF TP 4PCS PT","GFF TP BRWN 4pcs",ENABLED,0.75,300169998264526,288255471663197,"2026-09-19 16:57:30"
SPONSORED_PRODUCTS,"GFF TP GRY 4pcs PT","GFF TP GRY 4pcs",ENABLED,0.75,561302263607389,535466395284076,"2026-09-19 16:57:30"
SPONSORED_PRODUCTS,"GFF TP GRY 4pcs KW","GFF TP GRY 4pcs",ENABLED,0.78,482814690417558,513731769721175,"2026-09-19 16:57:30"
SPONSORED_PRODUCTS,"GFF TP WH 4pcs PT","GFF TP WH 4pcs",ENABLED,0.75,315891741003960,402052897035836,"2026-09-19 16:57:30"
SPONSORED_PRODUCTS,"GFF TP WH 4pcs KW","GFF TP WH 4pcs",ENABLED,0.78,317926825743706,483349722752485,"2026-09-19 16:57:30"
SPONSORED_PRODUCTS,"GFS BLK KW","GFS BLK",ENABLED,0.21,428728736259149,493939073776405,"2026-09-19 16:57:30"
SPONSORED_PRODUCTS,"GFS RED KW","GFS RED",ENABLED,0.21,302171029877221,433924393453499,"2026-09-19 16:57:30"
SPONSORED_PRODUCTS,"PARENT FOOT REST PT","GFS WD",ENABLED,0.85,335142942845971,514152478442285,"2026-09-19 16:57:30"
SPONSORED_PRODUCTS,"PARENT FOOT REST KW","GFS WD",ENABLED,0.21,411425121537568,357193853901776,"2026-09-19 16:57:30"
SPONSORED_PRODUCTS,"GFS WHTE KW","GFS WHTE",ENABLED,0.21,476416350831930,524700206662251,"2026-09-19 16:57:30"
SPONSORED_PRODUCTS,"GFS WHTE FBA","GFS WHTE FBA",ENABLED,0.76,353273704870563,497435864019842,"2026-09-19 16:57:30"
SPONSORED_PRODUCTS,"GFS WHTE FBA PT","GFS WHTE FBA",ENABLED,0.76,448139955299686,519890562323105,"2026-09-19 16:57:30"
SPONSORED_PRODUCTS,"GH ABS 1pc PT","GH ABS 1pc",ENABLED,1.34,415030416121594,461188506786645,"2026-09-19 16:57:30"
SPONSORED_PRODUCTS,"GH ABS 1pc KW","GH ABS 1pc",ENABLED,1.31,502043886415908,510467291905280,"2026-09-19 16:57:30"
SPONSORED_PRODUCTS,"GH ABS 1PC FBA KW","GH ABS 1PC FBA",ENABLED,1.61,462176689910383,420715671309347,"2026-09-19 16:57:30"
SPONSORED_PRODUCTS,"GH ABS 1PC FBA PT","GH ABS 1PC FBA",ENABLED,1.61,356454200334816,420443247016422,"2026-09-19 16:57:30"
SPONSORED_PRODUCTS,"GH ABS 4Pcs PT","GH ABS 4Pcs",ENABLED,1.34,461435221917334,385287869170754,"2026-09-19 16:57:30"
SPONSORED_PRODUCTS,"GH ABS 4Pcs KW","GH ABS 4Pcs",ENABLED,1.31,327013374663580,310070487596570,"2026-09-19 16:57:30"
SPONSORED_PRODUCTS,"PARENT GHOOK KW","GH ST 3PCS",ENABLED,1.31,371921328715277,433713644234531,"2026-09-19 16:57:30"
SPONSORED_PRODUCTS,"PARENT GHOOK PT","GH ST 3PCS",ENABLED,1.34,445564958787054,327616216189691,"2026-09-19 16:57:30"
SPONSORED_PRODUCTS,"GH ST 3Pcs FBA KW","GH ST 3Pcs FBA",ENABLED,1.64,313669323943602,367889375737561,"2026-09-19 16:57:30"
SPONSORED_PRODUCTS,"GH ST 3Pcs FBA PT","GH ST 3Pcs FBA",ENABLED,1.64,447369729547727,524268589886756,"2026-09-19 16:57:30"
SPONSORED_PRODUCTS,"GRack 3N1 KW","GRack 3N1",ENABLED,0.49,345618094205059,520644054715132,"2026-09-19 16:57:30"
SPONSORED_PRODUCTS,"GRack 3N1 PT","GRack 3N1",ENABLED,0.81,331270113760058,457167638018336,"2026-09-19 16:57:30"
SPONSORED_PRODUCTS,"PARENT GRACK KW","GRack 3N1 OVAL",ENABLED,0.49,284919103690443,506873425321958,"2026-09-19 16:57:30"
SPONSORED_PRODUCTS,"PARENT GRACK PT","GRack 3N1 OVAL",ENABLED,0.48,398821061004679,408443508576178,"2026-09-19 16:57:30"
SPONSORED_PRODUCTS,"GRack 5N1 PT","GRack 5N1",ENABLED,0.81,390219859237845,367948248291735,"2026-09-19 16:57:30"
SPONSORED_PRODUCTS,"GRack 5N1 KW","GRack 5N1",ENABLED,0.50,559633225948448,548082874112160,"2026-09-19 16:57:30"
SPONSORED_PRODUCTS,"GRack 5N1 OVAL PT","GRack 5N1 OVAL",ENABLED,0.48,470713991299191,288585057427687,"2026-09-19 16:57:30"
SPONSORED_PRODUCTS,"GRack 5N1 OVAL KW","GRack 5N1 OVAL",ENABLED,0.49,418650600854275,373642157250951,"2026-09-19 16:57:30"
SPONSORED_PRODUCTS,"GRack 7N1PT","GRack 7N1",ENABLED,0.81,384666681691580,316352267088130,"2026-09-19 16:57:30"
SPONSORED_PRODUCTS,"GRack 7N1 KW","GRack 7N1",ENABLED,0.49,332145841669492,308723852103030,"2026-09-19 16:57:30"
SPONSORED_PRODUCTS,"GRack 7N1 OVAL KW","GRack 7N1 OVAL",ENABLED,0.49,363631572193343,420102244566433,"2026-09-19 16:57:30"
SPONSORED_PRODUCTS,"GRack 7N1 OVAL PT","GRack 7N1 OVAL",ENABLED,0.48,343241001406500,519411433279516,"2026-09-19 16:57:30"
SPONSORED_PRODUCTS,"GRack 9N1 PT","GRack 9N1",ENABLED,0.53,467241954549469,550869681146160,"2026-09-19 16:57:30"
SPONSORED_PRODUCTS,"GRack 9N1 KW","GRack 9N1",ENABLED,0.50,384144902485524,493512066073419,"2026-09-19 16:57:30"
SPONSORED_PRODUCTS,"GRack 9N1 OVAL PT","GRack 9N1 OVAL",ENABLED,0.48,461647103453801,533381654412141,"2026-09-19 16:57:30"
SPONSORED_PRODUCTS,"GRack 9N1 OVAL KW","GRack 9N1 OVAL",ENABLED,0.49,330648636375527,336925218052349,"2026-09-19 16:57:30"
SPONSORED_PRODUCTS,"GRDNSPK MC GRY 2PCS PT","GRDNSPK MC GRY 2PCS",ENABLED,0.35,511493613688852,547880868237154,"2026-09-19 16:57:30"
SPONSORED_PRODUCTS,"GRDNSPK MC GRY 2PCS KW","GRDNSPK MC GRY 2PCS",ENABLED,0.49,306808443867012,358274568819226,"2026-09-19 16:57:30"
SPONSORED_PRODUCTS,"GRDNSPK MC GRY 4PCS","GRDNSPK MC GRY 4PCS",ENABLED,0.77,411558614427356,318995055375717,"2026-09-19 16:57:30"
SPONSORED_PRODUCTS,"GRDNSPK MC GRY 4PCS PT","GRDNSPK MC GRY 4PCS",ENABLED,0.35,307911185032054,415629983237835,"2026-09-19 16:57:30"
SPONSORED_PRODUCTS,"GRDNSPK MC PEACH 2PCS PT.","GRDNSPK MC PEACH 2PCS",ENABLED,0.63,368327523870762,497213145927180,"2026-09-19 16:57:30"
SPONSORED_PRODUCTS,"GRDNSPK MC PEACH 2PCS KW","GRDNSPK MC PEACH 2PCS",ENABLED,0.70,391572617263351,457651193727326,"2026-09-19 16:57:30"
SPONSORED_PRODUCTS,"PARENT GRDN SPK MC KW","GRDNSPK MC PEACH 4PCS",ENABLED,0.70,505506922494479,452264396619639,"2026-09-19 16:57:30"
SPONSORED_PRODUCTS,"PARENT GRDN SPK MC PT","GRDNSPK MC PEACH 4PCS",ENABLED,0.35,538709989042995,286721272209393,"2026-09-19 16:57:30"
SPONSORED_PRODUCTS,"PARENT GS AC FBA PT","GS AC BRSS FBA",ENABLED,0.74,286456721198462,395309544188589,"2026-09-19 16:57:30"
SPONSORED_PRODUCTS,"GS AC FBA PT","GS AC FBA",ENABLED,0.75,459066383703759,350001326695651,"2026-09-19 16:57:30"
SPONSORED_PRODUCTS,"PARENT GS AC FBA KW","GS AC FBA",ENABLED,0.75,467348668599557,287744192318731,"2026-09-19 16:57:30"
SPONSORED_PRODUCTS,"GS EL FBA New PT","GS EL FBA New",ENABLED,0.43,553776449290708,348059175112652,"2026-09-19 16:57:30"
SPONSORED_PRODUCTS,"GS EL FBA New KW","GS EL FBA New",ENABLED,0.46,497847576055429,379282821715669,"2026-09-19 16:57:30"
SPONSORED_PRODUCTS,"GSH 2N1 PT","GSH 2N1",ENABLED,0.49,390706664175878,556465787284115,"2026-09-19 16:57:30"
SPONSORED_PRODUCTS,"GSH 2N1 KW","GSH 2N1",ENABLED,0.52,529540850184776,398834800717382,"2026-09-19 16:57:30"
SPONSORED_PRODUCTS,"PARENT GSH PT","GSH 3N1",ENABLED,0.49,486527108071555,429845950829485,"2026-09-19 16:57:30"
SPONSORED_PRODUCTS,"GSH HD D-BLU KW","GSH HD D-BLU",ENABLED,0.56,493357773693858,318028348333139,"2026-09-19 16:57:30"
SPONSORED_PRODUCTS,"GSH HD D-BLU PT","GSH HD D-BLU",ENABLED,0.55,508230271695147,443533321961000,"2026-09-19 16:57:30"
SPONSORED_PRODUCTS,"GSH HD D-BLU 2PK KW","GSH HD D-BLU 2PK",ENABLED,0.75,340426438057570,381723091994030,"2026-09-19 16:57:30"
SPONSORED_PRODUCTS,"GSH HD D-BLU 2PK PT","GSH HD D-BLU 2PK",ENABLED,0.54,513951946262255,310701464562670,"2026-09-19 16:57:30"
SPONSORED_PRODUCTS,"PARENT GSH HD KW","GSH HD GR",ENABLED,0.56,398156850732799,502450949915762,"2026-09-19 16:57:30"
SPONSORED_PRODUCTS,"PARENT GSH HD PT","GSH HD GR",ENABLED,0.55,437577226708318,288774069462375,"2026-09-19 16:57:30"
SPONSORED_PRODUCTS,"GSH HD GR 2PK PT","GSH HD GR 2PK",ENABLED,0.57,337535039203305,386775983632620,"2026-09-19 16:57:30"
SPONSORED_PRODUCTS,"GSH HD GR 2PK KW","GSH HD GR 2PK",ENABLED,0.75,330047022787842,395454889375908,"2026-09-19 16:57:30"
SPONSORED_PRODUCTS,"GSH HD RED KW","GSH HD RED",ENABLED,0.56,466388590718076,346113046337915,"2026-09-19 16:57:30"
SPONSORED_PRODUCTS,"GSH HD RED PT","GSH HD RED",ENABLED,0.55,423596638726690,516610608946805,"2026-09-19 16:57:30"
SPONSORED_PRODUCTS,"GSH HD YLW KW","GSH HD YLW",ENABLED,0.56,420475362518782,431249879703216,"2026-09-19 16:57:30"
SPONSORED_PRODUCTS,"GSH HD YLW PT","GSH HD YLW",ENABLED,0.55,466760501554123,503560357426461,"2026-09-19 16:57:30"
SPONSORED_PRODUCTS,"GSH HD YLW 2PK KW","GSH HD YLW 2PK",ENABLED,0.67,386683733569064,347879297071161,"2026-09-19 16:57:30"
SPONSORED_PRODUCTS,"GSH HD YLW 2PK PT","GSH HD YLW 2PK",ENABLED,0.54,297618112479968,357728452948788,"2026-09-19 16:57:30"
SPONSORED_PRODUCTS,"GSS 2N1 BLK PT","GSS 2N1 BLK",ENABLED,0.55,311108239801843,437720435054567,"2026-09-19 16:57:30"
SPONSORED_PRODUCTS,"GSS 2N1 BLK KW","GSS 2N1 BLK",ENABLED,0.55,411873158610250,341046213979152,"2026-09-19 16:57:30"
SPONSORED_PRODUCTS,"GSS 2N1 BLU KW","GSS 2N1 BLU",ENABLED,0.55,419536620522643,383201272306747,"2026-09-19 16:57:30"
SPONSORED_PRODUCTS,"GSS 2N1 BLU PT","GSS 2N1 BLU",ENABLED,0.55,345153469381635,541547717268287,"2026-09-19 16:57:30"
SPONSORED_PRODUCTS,"GSS 2N1 PGR PT","GSS 2N1 PGR",ENABLED,0.55,561910804291447,291832817152978,"2026-09-19 16:57:30"
SPONSORED_PRODUCTS,"GSS 2N1 PGR KW","GSS 2N1 PGR",ENABLED,0.55,523693829273404,498745311025631,"2026-09-19 16:57:30"
SPONSORED_PRODUCTS,"PARENT GSS 2N1 PT","GSS 2N1 PNK",ENABLED,0.55,397237288851794,523633818011339,"2026-09-19 16:57:30"
SPONSORED_PRODUCTS,"PARENT GSS 2N1 KW","GSS 2N1 PNK",ENABLED,0.56,399405335258703,528802935079939,"2026-09-19 16:57:30"
SPONSORED_PRODUCTS,"GSS 2N1 RED KW","GSS 2N1 RED",ENABLED,0.55,538263087092407,307503665081647,"2026-09-19 16:57:30"
SPONSORED_PRODUCTS,"GSS 2N1 RED PT","GSS 2N1 RED",ENABLED,0.55,487321526891291,332898665460146,"2026-09-19 16:57:30"
SPONSORED_PRODUCTS,"GSS 2N1 WH PT","GSS 2N1 WH",ENABLED,0.55,429905543196598,335093823321041,"2026-09-19 16:57:30"
SPONSORED_PRODUCTS,"GSS 2N1 WH KW","GSS 2N1 WH",ENABLED,0.55,490185074251632,321610018688958,"2026-09-19 16:57:30"
SPONSORED_PRODUCTS,"GSS 2N1 YLW PT","GSS 2N1 YLW",ENABLED,0.65,346172640506246,413892055647306,"2026-09-19 16:57:30"
SPONSORED_PRODUCTS,"GSS 2N1 YLW KW","GSS 2N1 YLW",ENABLED,0.67,387458271358328,341498453222338,"2026-09-19 16:57:30"
SPONSORED_PRODUCTS,"GSS BLK KW","GSS BLK",ENABLED,0.63,459286913973016,335504423589988,"2026-09-19 16:57:30"
SPONSORED_PRODUCTS,"GSS BLK PT","GSS BLK",ENABLED,0.62,557997591411445,479562392348171,"2026-09-19 16:57:30"
SPONSORED_PRODUCTS,"PARENT GSS 2PCS PT","GSS BLK 2PCS",ENABLED,0.62,502783347874601,391024275413350,"2026-09-19 16:57:30"
SPONSORED_PRODUCTS,"PARENT GSS PT","GSS BLU",ENABLED,0.55,397799801470424,456696855258694,"2026-09-19 16:57:30"
SPONSORED_PRODUCTS,"PARENT GSS KW","GSS BLU",ENABLED,0.63,559300833590967,494953030278503,"2026-09-19 16:57:30"
SPONSORED_PRODUCTS,"GSS BLU 2PCS KW","GSS BLU 2PCS",ENABLED,0.63,402675096059155,409868693446026,"2026-09-19 16:57:30"
SPONSORED_PRODUCTS,"GSS BLU 2PCS PT","GSS BLU 2PCS",ENABLED,0.55,514452719426916,496282391859199,"2026-09-19 16:57:30"
SPONSORED_PRODUCTS,"GSS BPNK 1PC KW","GSS BPNK 1PC",ENABLED,0.38,518495048985846,527882745706465,"2026-09-19 16:57:30"
SPONSORED_PRODUCTS,"GSS BPNK 1PC PT","GSS BPNK 1PC",ENABLED,0.41,480443753525305,420713960122767,"2026-09-19 16:57:30"
SPONSORED_PRODUCTS,"GSS BPNK 2PCS KW","GSS BPNK 2PCS",ENABLED,0.75,492386796968815,384550540204021,"2026-09-19 16:57:30"
SPONSORED_PRODUCTS,"GSS BPNK 2PCS PT","GSS BPNK 2PCS",ENABLED,0.55,322026169713219,313475502607266,"2026-09-19 16:57:30"
SPONSORED_PRODUCTS,"GSS BR KW","GSS BR",ENABLED,0.75,304718091498597,491262379560561,"2026-09-19 16:57:30"
SPONSORED_PRODUCTS,"GSS BR PT","GSS BR",ENABLED,0.55,306312426742879,442954238478878,"2026-09-19 16:57:30"
SPONSORED_PRODUCTS,"GSS BR 2PCS KW","GSS BR 2PCS",ENABLED,0.63,451786378461380,392250517482649,"2026-09-19 16:57:30"
SPONSORED_PRODUCTS,"GSS BR 2PCS PT","GSS BR 2PCS",ENABLED,0.55,380693878158883,443584596442856,"2026-09-19 16:57:30"
SPONSORED_PRODUCTS,"GSS RED KW","GSS RED",ENABLED,0.63,308877379176005,478329685903984,"2026-09-19 16:57:30"
SPONSORED_PRODUCTS,"GSS RED PT","GSS RED",ENABLED,0.55,530869987635280,462358917816887,"2026-09-19 16:57:30"
SPONSORED_PRODUCTS,"GSS RED 2PCS PT","GSS RED 2PCS",ENABLED,0.55,559445784056261,293728661204879,"2026-09-19 16:57:30"
SPONSORED_PRODUCTS,"GSS RED 2PCS KW","GSS RED 2PCS",ENABLED,0.63,369473085193163,391736791409878,"2026-09-19 16:57:30"
SPONSORED_PRODUCTS,"PARENT GSS UKU PT.","GSS UKU PARENT",ENABLED,0.43,223424194339090,12091684201592,"2026-09-19 16:57:30"
SPONSORED_PRODUCTS,"GSS YLW 1PC PT","GSS YLW 1PC",ENABLED,0.41,335636485234180,316909384734068,"2026-09-19 16:57:30"
SPONSORED_PRODUCTS,"GSS YLW 1PC KW","GSS YLW 1PC",ENABLED,0.38,329938556849594,516818877043944,"2026-09-19 16:57:30"
SPONSORED_PRODUCTS,"GSS YLW 2PCS KW","GSS YLW 2PCS",ENABLED,0.63,359986292258491,489694192065185,"2026-09-19 16:57:30"
SPONSORED_PRODUCTS,"GSS YLW 2PCS PT","GSS YLW 2PCS",ENABLED,0.55,470264925106651,340792138635749,"2026-09-19 16:57:30"
SPONSORED_PRODUCTS,"GSTOOL BLU PT","GSTOOL BLU",ENABLED,1.14,503104017553918,360663183372377,"2026-09-19 16:57:30"
SPONSORED_PRODUCTS,"GSTOOL BLU KW","GSTOOL BLU",ENABLED,0.28,304676308053750,358827517739304,"2026-09-19 16:57:30"
SPONSORED_PRODUCTS,"PARENT GSTOOL L KW","GSTOOL L- BLU",ENABLED,0.90,322179534050516,395365102856791,"2026-09-19 16:57:30"
SPONSORED_PRODUCTS,"GSTOOL L- RED KW","GSTOOL L- RED",ENABLED,0.75,298097082102674,491822139877223,"2026-09-19 16:57:30"
SPONSORED_PRODUCTS,"GSTOOL L- RED PT","GSTOOL L- RED",ENABLED,0.75,473052360664204,335731278375449,"2026-09-19 16:57:30"
SPONSORED_PRODUCTS,"GSTOOL L- WH PT","GSTOOL L- WH",ENABLED,0.75,317615795996668,412299708544940,"2026-09-19 16:57:30"
SPONSORED_PRODUCTS,"GSTOOL L- WH KW","GSTOOL L- WH",ENABLED,0.75,359353699108345,525638867784332,"2026-09-19 16:57:30"
SPONSORED_PRODUCTS,"GSTOOL L- YLW PT","GSTOOL L- YLW",ENABLED,0.23,425053246467544,294829322724818,"2026-09-19 16:57:30"
SPONSORED_PRODUCTS,"GSTOOL L- YLW KW","GSTOOL L- YLW",ENABLED,0.19,312228968438549,305148456662404,"2026-09-19 16:57:30"
SPONSORED_PRODUCTS,"GSTOOL OVAL BLU REST PT","GSTOOL OVAL BLU REST",ENABLED,0.75,467424715905490,337454961883017,"2026-09-19 16:57:30"
SPONSORED_PRODUCTS,"PARENT GS REST PT","GSTOOL OVAL RED REST",ENABLED,0.75,417390179434128,330386722853142,"2026-09-19 16:57:30"
SPONSORED_PRODUCTS,"GSTOOL OVAL RED REST KW","GSTOOL OVAL RED REST",ENABLED,0.75,531436878604665,471172809552835,"2026-09-19 16:57:30"
SPONSORED_PRODUCTS,"GSTOOL OVAL YLW REST KW","GSTOOL OVAL YLW REST",ENABLED,0.75,465734662773205,555211411743589,"2026-09-19 16:57:30"
SPONSORED_PRODUCTS,"GSTOOL OVAL YLW REST PT","GSTOOL OVAL YLW REST",ENABLED,0.75,379820728355788,557098050141926,"2026-09-19 16:57:30"
SPONSORED_PRODUCTS,"PARENT GSTOOL PT","GSTOOL RED",ENABLED,0.23,548270657321236,382162969656473,"2026-09-19 16:57:30"
SPONSORED_PRODUCTS,"PARENT GSTOOL KW","GSTOOL RED",ENABLED,0.56,335376817346665,515174051035420,"2026-09-19 16:57:30"
SPONSORED_PRODUCTS,"GSTOOL RND BLU REST PT","GSTOOL RND BLU REST",ENABLED,0.75,417277993795624,417019476319769,"2026-09-19 16:57:30"
SPONSORED_PRODUCTS,"GSTOOL RND BLU REST KW","GSTOOL RND BLU REST",ENABLED,0.75,328521807989462,457559506752566,"2026-09-19 16:57:30"
SPONSORED_PRODUCTS,"GSTOOL RND WH REST","GSTOOL RND WH REST",ENABLED,0.56,398557368271339,475407442173815,"2026-09-19 16:57:30"
SPONSORED_PRODUCTS,"GSTOOL RND WH REST PT","GSTOOL RND WH REST",ENABLED,0.75,520089780609474,383612379215399,"2026-09-19 16:57:30"
SPONSORED_PRODUCTS,"GSTOOL RND YLW REST KW","GSTOOL RND YLW REST",ENABLED,0.75,332488822900005,356698210975775,"2026-09-19 16:57:30"
SPONSORED_PRODUCTS,"GSTOOL RND YLW REST PT","GSTOOL RND YLW REST",ENABLED,0.75,515428521687384,288531818745211,"2026-09-19 16:57:30"
SPONSORED_PRODUCTS,"GSTOOL WH PT","GSTOOL WH",ENABLED,0.75,491866126754692,408769482758441,"2026-09-19 16:57:30"
SPONSORED_PRODUCTS,"GSTOOL WH KW","GSTOOL WH",ENABLED,0.28,450367304952958,520025920341368,"2026-09-19 16:57:30"
SPONSORED_PRODUCTS,"GSTOOL YLW PT","GSTOOL YLW",ENABLED,0.23,465528799538503,518111475118863,"2026-09-19 16:57:30"
SPONSORED_PRODUCTS,"GSTOOL YLW KW","GSTOOL YLW",ENABLED,0.56,323131166612936,284809546235514,"2026-09-19 16:57:30"
SPONSORED_PRODUCTS,"HW 1 BLU KW","HW 1 BLU",ENABLED,0.51,161893961403804,348133485634102,"2026-09-19 16:57:30"
SPONSORED_PRODUCTS,"HW 1 SKY BLU KW","HW 1 SKY BLU",ENABLED,0.29,430125951399577,460852922739100,"2026-09-19 16:57:30"
SPONSORED_PRODUCTS,"PARENT MEGA KIDS PT","HW 1 SKY BLU",ENABLED,0.29,550674496320901,549957883612410,"2026-09-19 16:57:30"
SPONSORED_PRODUCTS,"HW 1 YLW PT","HW 1 YLW",ENABLED,0.29,307180393325276,386534352504172,"2026-09-19 16:57:30"
SPONSORED_PRODUCTS,"HW 1 YLW KW","HW 1 YLW",ENABLED,0.29,339983120271647,543865299173048,"2026-09-19 16:57:30"
SPONSORED_PRODUCTS,"HW 1 YLW FBA KW","HW 1 YLW FBA",ENABLED,0.28,395268837153262,476095587555993,"2026-09-19 16:57:30"
SPONSORED_PRODUCTS,"HW 1 YLW FBA PT","HW 1 YLW FBA",ENABLED,0.28,511347373932336,322066270493518,"2026-09-19 16:57:30"
SPONSORED_PRODUCTS,"HW 18 WP PT","HW 18 WP",ENABLED,0.31,382656672396564,421401378661677,"2026-09-19 16:57:30"
SPONSORED_PRODUCTS,"PARENT HW 405 KW","HW 405 BLK",ENABLED,0.67,486750437893616,527517614892446,"2026-09-19 16:57:30"
SPONSORED_PRODUCTS,"PARENT HW 405 PT","HW 405 BLK",ENABLED,0.55,452267337348736,475592834501165,"2026-09-19 16:57:30"
SPONSORED_PRODUCTS,"PARENT HORN 405 2PCS PT","HW 405 BLK 2PCS",ENABLED,0.51,485185800477418,304602107468039,"2026-09-19 16:57:30"
SPONSORED_PRODUCTS,"HW 405 BLK 2PCS KW","HW 405 BLK 2PCS",ENABLED,0.75,525345386714453,323502293921367,"2026-09-19 16:57:30"
SPONSORED_PRODUCTS,"HW 405 BLK FBA","HW 405 BLK FBA",ENABLED,0.56,350340060136637,435511793868142,"2026-09-19 16:57:30"
SPONSORED_PRODUCTS,"HW 405 BLK FBA PT","HW 405 BLK FBA",ENABLED,0.56,348599459685288,482984187468546,"2026-09-19 16:57:30"
SPONSORED_PRODUCTS,"HW 405 WH KW","HW 405 WH",ENABLED,0.65,532294824577698,513825384485091,"2026-09-19 16:57:30"
SPONSORED_PRODUCTS,"HW 405 WH PT","HW 405 WH",ENABLED,0.66,414692471842112,283050129157414,"2026-09-19 16:57:30"
SPONSORED_PRODUCTS,"HW 405 WH 2PCS PT","HW 405 WH 2PCS",ENABLED,0.55,314367640067028,557262578721281,"2026-09-19 16:57:30"
SPONSORED_PRODUCTS,"HW 405 WH 2PCS KW","HW 405 WH 2PCS",ENABLED,0.66,412823606613416,538732593212113,"2026-09-19 16:57:30"
SPONSORED_PRODUCTS,"HW 405 WH 4PCS PT","HW 405 WH 4PCS",ENABLED,0.79,413465197841600,520655328568064,"2026-09-19 16:57:30"
SPONSORED_PRODUCTS,"HW 405 WH 4PCS KW","HW 405 WH 4PCS",ENABLED,0.79,379273039711985,393018473318451,"2026-09-19 16:57:30"
SPONSORED_PRODUCTS,"HW 405 WH 8PCS KW","HW 405 WH 8PCS",ENABLED,0.73,359183949425835,392846280617132,"2026-09-19 16:57:30"
SPONSORED_PRODUCTS,"HW 405 WH 8PCS PT","HW 405 WH 8PCS",ENABLED,0.73,491386042380750,308183035731778,"2026-09-19 16:57:30"
SPONSORED_PRODUCTS,"HW 405 WH Fba KW","HW 405 WH Fba",ENABLED,0.53,338247195383230,383808709568805,"2026-09-19 16:57:30"
SPONSORED_PRODUCTS,"HW 405 WH Fba PT","HW 405 WH Fba",ENABLED,0.53,546462266799029,283932785415320,"2026-09-19 16:57:30"
SPONSORED_PRODUCTS,"HW 508 BLK KW","HW 508 BLK",ENABLED,0.66,534418537596838,375198076068707,"2026-09-19 16:57:30"
SPONSORED_PRODUCTS,"HW 508 BLK PT","HW 508 BLK",ENABLED,0.69,380821324186841,321967127843791,"2026-09-19 16:57:30"
SPONSORED_PRODUCTS,"HW 508 BLK 2PCS PT","HW 508 BLK 2PCS",ENABLED,0.68,455425763655278,513496119023648,"2026-09-19 16:57:30"
SPONSORED_PRODUCTS,"HW 508 BLK 2PCS KW","HW 508 BLK 2PCS",ENABLED,0.67,467843017021308,407132396052645,"2026-09-19 16:57:30"
SPONSORED_PRODUCTS,"HW 508 BLK 4PCS KW","HW 508 BLK 4PCS",ENABLED,1.17,287598068261065,458067618284371,"2026-09-19 16:57:30"
SPONSORED_PRODUCTS,"HW 508 BLK 4PCS PT","HW 508 BLK 4PCS",ENABLED,1.17,310316110880914,324196870411274,"2026-09-19 16:57:30"
SPONSORED_PRODUCTS,"HW 508 BLK fba PT","HW 508 BLK fba",ENABLED,0.57,416445878026200,316475505284937,"2026-09-19 16:57:30"
SPONSORED_PRODUCTS,"HW 508 BLK fba","HW 508 BLK fba",ENABLED,0.57,530120156451958,408806378492307,"2026-09-19 16:57:30"
SPONSORED_PRODUCTS,"HW 508 WH PT","HW 508 WH",ENABLED,0.69,284335814848835,403356728429544,"2026-09-19 16:57:30"
SPONSORED_PRODUCTS,"HW 508 WH KW","HW 508 WH",ENABLED,0.66,326089724546276,382557811565803,"2026-09-19 16:57:30"
SPONSORED_PRODUCTS,"HW 508 WH 2PCS KW","HW 508 WH 2PCS",ENABLED,0.66,369216499053200,391713709416682,"2026-09-19 16:57:30"
SPONSORED_PRODUCTS,"HW 508 WH 2PCS PT","HW 508 WH 2PCS",ENABLED,0.69,467817765645838,406859304987545,"2026-09-19 16:57:30"
SPONSORED_PRODUCTS,"HW 508 WH 4PCS PT","HW 508 WH 4PCS",ENABLED,0.76,487918460934561,529712207138878,"2026-09-19 16:57:30"
SPONSORED_PRODUCTS,"HW 508 WH 4PCS KW","HW 508 WH 4PCS",ENABLED,0.76,551984166505653,551905142904058,"2026-09-19 16:57:30"
SPONSORED_PRODUCTS,"HW 508 WH 8PCS PT","HW 508 WH 8PCS",ENABLED,0.76,525394918984601,453871431954062,"2026-09-19 16:57:30"
SPONSORED_PRODUCTS,"HW 508 WH 8PCS KW","HW 508 WH 8PCS",ENABLED,0.76,417606865698850,403735563410927,"2026-09-19 16:57:30"
SPONSORED_PRODUCTS,"HW 508 WH fba KW","HW 508 WH fba",ENABLED,0.57,467403959459277,388617667631925,"2026-09-19 16:57:30"
SPONSORED_PRODUCTS,"HW 508 WH fba PT","HW 508 WH fba",ENABLED,0.57,285238142527050,441447231621584,"2026-09-19 16:57:30"
SPONSORED_PRODUCTS,"PARENT INSTRU MIC KW","INSTRU MIC 100 BLK",ENABLED,0.82,516792491912914,445826466216510,"2026-09-19 16:57:30"
SPONSORED_PRODUCTS,"INSTRU MIC 100 GREY KW","INSTRU MIC 100 GREY",ENABLED,0.82,430910891560219,321553426495120,"2026-09-19 16:57:30"
SPONSORED_PRODUCTS,"INSTRU MIC 100 GREY PT","INSTRU MIC 100 GREY",ENABLED,0.75,338743784078510,551942329826113,"2026-09-19 16:57:30"
SPONSORED_PRODUCTS,"INSTRU MIC 100 GREY FBA PT","INSTRU MIC 100 GREY FBA",ENABLED,1.18,454109451537502,410629346753364,"2026-09-19 16:57:30"
SPONSORED_PRODUCTS,"INSTRU MIC 100 GREY FBA KW","INSTRU MIC 100 GREY FBA",ENABLED,1.18,498413031383736,528276150572545,"2026-09-19 16:57:30"
SPONSORED_PRODUCTS,"INSTRU MIC 300 BLK FBA","INSTRU MIC 300 BLK FBA",ENABLED,0.95,483056683682027,478962373355536,"2026-09-19 16:57:30"
SPONSORED_PRODUCTS,"INSTRU MIC 300 BLK FBA PT","INSTRU MIC 300 BLK FBA",ENABLED,0.95,392659101861066,487697702933263,"2026-09-19 16:57:30"
SPONSORED_PRODUCTS,"KBB 02 BLK PT","KBB 02 BLK",ENABLED,0.80,523225907499668,439399761040830,"2026-09-19 16:57:30"
SPONSORED_PRODUCTS,"KBB 02 BLK KW","KBB 02 BLK",ENABLED,0.81,324134565842780,356328564939747,"2026-09-19 16:57:30"
SPONSORED_PRODUCTS,"KBB 02 BR KW","KBB 02 BR",ENABLED,0.75,359438745409991,364667919624009,"2026-09-19 16:57:30"
SPONSORED_PRODUCTS,"KBB 02 BR PT","KBB 02 BR",ENABLED,0.80,486829348990781,422985290497390,"2026-09-19 16:57:30"
SPONSORED_PRODUCTS,"KBB 02 PNK PT","KBB 02 PNK",ENABLED,0.80,337245040588964,550245357588680,"2026-09-19 16:57:30"
SPONSORED_PRODUCTS,"KBB 02 PNK KW","KBB 02 PNK",ENABLED,0.88,308133966927997,506674306741959,"2026-09-19 16:57:30"
SPONSORED_PRODUCTS,"PARENT KBB SLIM PT","KBB 02 WH",ENABLED,0.80,422974039647347,378967478499932,"2026-09-19 16:57:30"
SPONSORED_PRODUCTS,"KBB BLK HD KW","KBB BLK HD",ENABLED,0.81,335503115005313,545949671934592,"2026-09-19 16:57:30"
SPONSORED_PRODUCTS,"KBB BLK HD PT","KBB BLK HD",ENABLED,0.80,513942451016594,332187295365193,"2026-09-19 16:57:30"
SPONSORED_PRODUCTS,"PARENT KBB HD PT","KBB BPNK HD",ENABLED,0.77,479766966939867,373340874476582,"2026-09-19 16:57:30"
SPONSORED_PRODUCTS,"PARENT KBB HD KW","KBB BPNK HD",ENABLED,0.75,424466617519324,287076677750422,"2026-09-19 16:57:30"
SPONSORED_PRODUCTS,"KBB BR HD KW","KBB BR HD",ENABLED,0.75,469798094949512,376107867151349,"2026-09-19 16:57:30"
SPONSORED_PRODUCTS,"KBB BR HD PT","KBB BR HD",ENABLED,0.80,497432928393140,447334386767099,"2026-09-19 16:57:30"
SPONSORED_PRODUCTS,"KBB H-ADJ BLK PT","KBB H-ADJ BLK",ENABLED,1.47,540933825923621,428792302060934,"2026-09-19 16:57:30"
SPONSORED_PRODUCTS,"KBB H-ADJ BLK KW","KBB H-ADJ BLK",ENABLED,1.44,315199106165481,488440859291275,"2026-09-19 16:57:30"
SPONSORED_PRODUCTS,"KBB H-ADJ BR PT","KBB H-ADJ BR",ENABLED,1.40,324325958832301,495671509848935,"2026-09-19 16:57:30"
SPONSORED_PRODUCTS,"KBB H-ADJ BR KW","KBB H-ADJ BR",ENABLED,1.70,385038962135566,472539488109358,"2026-09-19 16:57:30"
SPONSORED_PRODUCTS,"PARENT KBB H-ADJ KW","KBB H-ADJ PNK",ENABLED,1.70,432660617619979,312171864032949,"2026-09-19 16:57:30"
SPONSORED_PRODUCTS,"PARENT KBB H-ADJ PT","KBB H-ADJ PNK",ENABLED,1.40,517623104429066,366527077415318,"2026-09-19 16:57:30"
SPONSORED_PRODUCTS,"KBB H-ADJ WH PT","KBB H-ADJ WH",ENABLED,1.40,413096169675739,428512699000180,"2026-09-19 16:57:30"
SPONSORED_PRODUCTS,"KBB H-ADJ WH KW","KBB H-ADJ WH",ENABLED,0.75,347207045646112,423882848901325,"2026-09-19 16:57:30"
SPONSORED_PRODUCTS,"KBB PNK HD KW","KBB PNK HD",ENABLED,0.68,475899299304760,511651324710598,"2026-09-19 16:57:30"
SPONSORED_PRODUCTS,"KBB PNK HD PT","KBB PNK HD",ENABLED,0.68,501923537815680,486414608953563,"2026-09-19 16:57:30"
SPONSORED_PRODUCTS,"KBB WH HD PT","KBB WH HD",ENABLED,0.80,286941487087470,361349819921438,"2026-09-19 16:57:30"
SPONSORED_PRODUCTS,"KBB WH HD KW","KBB WH HD",ENABLED,0.88,296538278897172,389804064158233,"2026-09-19 16:57:30"
SPONSORED_PRODUCTS,"KS 1X BLK KW","KS 1X BLK",ENABLED,0.92,481479450114267,295980003575821,"2026-09-19 16:57:30"
SPONSORED_PRODUCTS,"KS 1X BLK PT","KS 1X BLK",ENABLED,0.69,422377936362400,303513723384732,"2026-09-19 16:57:30"
SPONSORED_PRODUCTS,"KS 1X BLK+KBB 02 BLK PT","KS 1X BLK+KBB 02 BLK",ENABLED,0.75,506073354466439,387931753471519,"2026-09-19 16:57:30"
SPONSORED_PRODUCTS,"KS 1X BLK+KBB 02 BLK KW","KS 1X BLK+KBB 02 BLK",ENABLED,1.06,476802507312959,285760915142282,"2026-09-19 16:57:30"
SPONSORED_PRODUCTS,"KS 1X BLU PT","KS 1X BLU",ENABLED,0.69,398045806181497,428220872595259,"2026-09-19 16:57:30"
SPONSORED_PRODUCTS,"KS 1X BLU KW","KS 1X BLU",ENABLED,0.92,413689514644512,524635419957433,"2026-09-19 16:57:30"
SPONSORED_PRODUCTS,"KS 1X BLU+KBB 02 BLK PT","KS 1X BLU+KBB 02 BLK",ENABLED,0.98,380895322675309,504823236099157,"2026-09-19 16:57:30"
SPONSORED_PRODUCTS,"KS 1X BLU+KBB 02 BLK KW","KS 1X BLU+KBB 02 BLK",ENABLED,1.06,519702420687516,513567323610791,"2026-09-19 16:57:30"
SPONSORED_PRODUCTS,"KS 1X BPNK KW.","KS 1X BPNK",ENABLED,0.92,309217259478274,549748317420764,"2026-09-19 16:57:30"
SPONSORED_PRODUCTS,"KS 1X BPNK KW","KS 1X BPNK",ENABLED,0.92,324919907997054,424437550651405,"2026-09-19 16:57:30"
SPONSORED_PRODUCTS,"KS 1X BPNK PT","KS 1X BPNK",ENABLED,0.69,508923784915018,400003831974954,"2026-09-19 16:57:30"
SPONSORED_PRODUCTS,"PARENT KB 1X COMBO PT","KS 1X BPNK+KBB 02 PNK",ENABLED,0.98,451279079702997,524420113175419,"2026-09-19 16:57:30"
SPONSORED_PRODUCTS,"KS 1X WH PT","KS 1X WH",ENABLED,0.69,301264284604659,473284811015210,"2026-09-19 16:57:30"
SPONSORED_PRODUCTS,"KS 1X WH KW","KS 1X WH",ENABLED,0.65,356957037497344,382290462537754,"2026-09-19 16:57:30"
SPONSORED_PRODUCTS,"KS 1X WH+KBB 02 WH PT","KS 1X WH+KBB 02 WH",ENABLED,0.98,325860808437697,347990067351160,"2026-09-19 16:57:30"
SPONSORED_PRODUCTS,"KS 1X WH+KBB 02 WH KW","KS 1X WH+KBB 02 WH",ENABLED,1.06,537266936972723,365446365855131,"2026-09-19 16:57:30"
SPONSORED_PRODUCTS,"KS 2T KW","KS 2T",ENABLED,0.89,411176183592068,381632330675416,"2026-09-19 16:57:30"
SPONSORED_PRODUCTS,"KS 2T PT","KS 2T",ENABLED,1.01,501879004513359,311192195244003,"2026-09-19 16:57:30"
SPONSORED_PRODUCTS,"KS 2T GEAR PT","KS 2T GEAR",ENABLED,1.01,367000837816033,284236781605781,"2026-09-19 16:57:30"
SPONSORED_PRODUCTS,"KS 2T GEAR KW","KS 2T GEAR",ENABLED,0.89,294300225396143,474270614053190,"2026-09-19 16:57:30"
SPONSORED_PRODUCTS,"KS 2T PNK KW","KS 2T PNK",ENABLED,0.86,415101876460686,325504646645568,"2026-09-19 16:57:30"
SPONSORED_PRODUCTS,"KS 2T PNK PT","KS 2T PNK",ENABLED,0.86,407949088009732,444674767652219,"2026-09-19 16:57:30"
SPONSORED_PRODUCTS,"PARENT KS 2T PT","KS 2T WH",ENABLED,0.62,506655595691753,381025228836703,"2026-09-19 16:57:30"
SPONSORED_PRODUCTS,"KS 2X BLK KW","KS 2X BLK",ENABLED,1.01,524433775464445,338846943039637,"2026-09-19 16:57:30"
SPONSORED_PRODUCTS,"KS 2X BLK PT","KS 2X BLK",ENABLED,1.01,338726249186020,377756294400186,"2026-09-19 16:57:30"
SPONSORED_PRODUCTS,"KS 2X BLK+KBB BLK HD KW","KS 2X BLK+KBB BLK HD",ENABLED,1.06,531478412633877,387279755464687,"2026-09-19 16:57:30"
SPONSORED_PRODUCTS,"KS 2X BLK+KBB BLK HD PT","KS 2X BLK+KBB BLK HD",ENABLED,0.98,415312739808402,329576431778422,"2026-09-19 16:57:30"
SPONSORED_PRODUCTS,"KS 2X BLU PT","KS 2X BLU",ENABLED,0.69,369525003400350,297504761067443,"2026-09-19 16:57:30"
SPONSORED_PRODUCTS,"KS 2X BLU KW","KS 2X BLU",ENABLED,1.01,506805105312333,424428016845204,"2026-09-19 16:57:30"
SPONSORED_PRODUCTS,"KS 2X BLU+KBB BLK HD PT","KS 2X BLU+KBB BLK HD",ENABLED,0.98,457796466936183,494004188766999,"2026-09-19 16:57:30"
SPONSORED_PRODUCTS,"KS 2X BLU+KBB BLK HD KW","KS 2X BLU+KBB BLK HD",ENABLED,1.06,338114395365451,518158178311249,"2026-09-19 16:57:30"
SPONSORED_PRODUCTS,"KS 2X BPNK KW","KS 2X BPNK",ENABLED,1.01,475467218150247,300672832191636,"2026-09-19 16:57:30"
SPONSORED_PRODUCTS,"KS 2X BPNK PT","KS 2X BPNK",ENABLED,1.01,368803319289868,545712913491204,"2026-09-19 16:57:30"
SPONSORED_PRODUCTS,"KS 2X BPNK+ KS 2T PNK KW","KS 2X BPNK+ KS 2T PNK",ENABLED,0.86,543951677111792,560302035508017,"2026-09-19 16:57:30"
SPONSORED_PRODUCTS,"KS 2X BPNK+ KS 2T PNK PT","KS 2X BPNK+ KS 2T PNK",ENABLED,0.86,390762014748551,432263651507289,"2026-09-19 16:57:30"
SPONSORED_PRODUCTS,"KS 2X BPNK+KBB BPNK HD PT","KS 2X BPNK+KBB BPNK HD",ENABLED,0.64,355400893027112,527409668854219,"2026-09-19 16:57:30"
SPONSORED_PRODUCTS,"KS 2X BPNK+KBB BPNK HD KW","KS 2X BPNK+KBB BPNK HD",ENABLED,1.06,401840951596852,508759655455154,"2026-09-19 16:57:30"
SPONSORED_PRODUCTS,"KS 2X GEAR PT","KS 2X GEAR",ENABLED,1.01,417539386827944,444820322975958,"2026-09-19 16:57:30"
SPONSORED_PRODUCTS,"PARENT KB 2X COMBO KW","KS 2X GEAR+KBB 02 BLK",ENABLED,0.77,299976073202805,443328300737263,"2026-09-19 16:57:30"
SPONSORED_PRODUCTS,"PARENT KB 2X COMBO PT","KS 2X GEAR+KBB 02 BLK",ENABLED,0.72,344488094041025,433326791622128,"2026-09-19 16:57:30"
SPONSORED_PRODUCTS,"KS 2X HAND PT","KS 2X HAND",ENABLED,0.97,314358096754161,457481555234168,"2026-09-19 16:57:30"
SPONSORED_PRODUCTS,"KS 2X HAND KW","KS 2X HAND",ENABLED,0.82,288293583967950,375449512832072,"2026-09-19 16:57:30"
SPONSORED_PRODUCTS,"KS 2X RED KW","KS 2X RED",ENABLED,0.62,326693026349157,439976536876631,"2026-09-19 16:57:30"
SPONSORED_PRODUCTS,"KS 2X RED PT","KS 2X RED",ENABLED,0.92,287683500478876,315481843612522,"2026-09-19 16:57:30"
SPONSORED_PRODUCTS,"KS 2X WH KW","KS 2X WH",ENABLED,1.01,340339125853277,482510416478078,"2026-09-19 16:57:30"
SPONSORED_PRODUCTS,"KS 2X WH PT","KS 2X WH",ENABLED,0.75,420237049721356,306212400907093,"2026-09-19 16:57:30"
SPONSORED_PRODUCTS,"KS 2X+2T BLK","KS 2X+2T BLK",ENABLED,0.98,316879754121022,287457490473346,"2026-09-19 16:57:30"
SPONSORED_PRODUCTS,"KS 2X+2T BLK PT","KS 2X+2T BLK",ENABLED,0.98,415180555508777,532322664648031,"2026-09-19 16:57:30"
SPONSORED_PRODUCTS,"PARENT KS 2X+2T KW","KS 2X+2T WH",ENABLED,0.98,462459071586503,397726783063304,"2026-09-19 16:57:30"
SPONSORED_PRODUCTS,"PARENT KS 2X+2T PT","KS 2X+2T WH",ENABLED,0.75,502847663586867,399098453216581,"2026-09-19 16:57:30"
SPONSORED_PRODUCTS,"KS C 2TD BLK AL PT","KS C 2TD BLK AL",ENABLED,0.97,378042715808224,330060005066044,"2026-09-19 16:57:30"
SPONSORED_PRODUCTS,"KS C 2TD BLK AL","KS C 2TD BLK AL",ENABLED,0.98,494331784799180,556795829107289,"2026-09-19 16:57:30"
SPONSORED_PRODUCTS,"PARENT KS C 2TD PT","KS C 2TD SLV AL",ENABLED,0.97,410755805593307,455464446491972,"2026-09-19 16:57:30"
SPONSORED_PRODUCTS,"PARENT KS C 2TD KW","KS C 2TD SLV AL",ENABLED,0.98,328395531270149,301753573647568,"2026-09-19 16:57:30"
SPONSORED_PRODUCTS,"PARENT KS Z1 PT","KS Z1 BLK",ENABLED,1.02,395926471520235,379306825021983,"2026-09-19 16:57:30"
SPONSORED_PRODUCTS,"KS Z1 BLK HD KW","KS Z1 BLK HD",ENABLED,1.01,307311942116444,296986221121349,"2026-09-19 16:57:30"
SPONSORED_PRODUCTS,"KS Z1 BLK HD KW.","KS Z1 BLK HD",ENABLED,1.01,405239338743092,382770174416006,"2026-09-19 16:57:30"
SPONSORED_PRODUCTS,"KS Z1 BLK HD PT","KS Z1 BLK HD",ENABLED,0.63,437348404970700,480337241824557,"2026-09-19 16:57:30"
SPONSORED_PRODUCTS,"KS Z1 BLK HD + 2T PT","KS Z1 BLK HD + 2T",ENABLED,1.00,400986859657811,365198971172715,"2026-09-19 16:57:30"
SPONSORED_PRODUCTS,"KS Z1 BLK HD + 2T KW","KS Z1 BLK HD + 2T",ENABLED,0.75,307413509983617,520748884926234,"2026-09-19 16:57:30"
SPONSORED_PRODUCTS,"KS Z1 BLK HD WHLS PT","KS Z1 BLK HD WHLS",ENABLED,0.56,438209688792664,544049228496465,"2026-09-19 16:57:30"
SPONSORED_PRODUCTS,"KS Z1 BLK HD WHLS KW","KS Z1 BLK HD WHLS",ENABLED,0.56,328564987871529,303210979607290,"2026-09-19 16:57:30"
SPONSORED_PRODUCTS,"KS Z1 BLK HD WHLS + 2T","KS Z1 BLK HD WHLS + 2T",ENABLED,0.93,344901378356368,400980603720399,"2026-09-19 16:57:30"
SPONSORED_PRODUCTS,"KS Z1 BLU PT","KS Z1 BLU",ENABLED,1.02,395285780021950,344870811839794,"2026-09-19 16:57:30"
SPONSORED_PRODUCTS,"KS Z1 BLU KW","KS Z1 BLU",ENABLED,0.96,489348509122771,426989601020260,"2026-09-19 16:57:30"
SPONSORED_PRODUCTS,"KS Z1 BLU HD PT","KS Z1 BLU HD",ENABLED,1.02,328266391129091,414807850914190,"2026-09-19 16:57:30"
SPONSORED_PRODUCTS,"KS Z1 BLU HD KW","KS Z1 BLU HD",ENABLED,0.96,298015644633205,310953306506542,"2026-09-19 16:57:30"
SPONSORED_PRODUCTS,"KS Z1 BLU HD WHLS KW","KS Z1 BLU HD WHLS",ENABLED,0.80,337286982518514,296716240072635,"2026-09-19 16:57:30"
SPONSORED_PRODUCTS,"KS Z1 BLU HD WHLS PT","KS Z1 BLU HD WHLS",ENABLED,0.80,362156394543446,509110148653409,"2026-09-19 16:57:30"
SPONSORED_PRODUCTS,"KS Z1 BPNK KW","KS Z1 BPNK",ENABLED,0.96,546349591915658,423361345156137,"2026-09-19 16:57:30"
SPONSORED_PRODUCTS,"KS Z1 BPNK PT","KS Z1 BPNK",ENABLED,1.02,493556329807899,401125736528826,"2026-09-19 16:57:30"
SPONSORED_PRODUCTS,"KS Z1 BPNK + KBB 02 PNK PT","KS Z1 BPNK + KBB 02 PNK",ENABLED,0.98,294173978703944,404286102177347,"2026-09-19 16:57:30"
SPONSORED_PRODUCTS,"KS Z1 BPNK + KBB 02 PNK KW","KS Z1 BPNK + KBB 02 PNK",ENABLED,1.06,513508310396004,443850299436345,"2026-09-19 16:57:30"
SPONSORED_PRODUCTS,"PARENT KS Z1 HD PT","KS Z1 BPNK HD",ENABLED,1.02,462080601673743,510234731380871,"2026-09-19 16:57:30"
SPONSORED_PRODUCTS,"PARENT KS Z1 HD KW","KS Z1 BPNK HD",ENABLED,0.96,528847523663915,526311646188432,"2026-09-19 16:57:30"
SPONSORED_PRODUCTS,"PARENT KS Z1 WHL KW","KS Z1 BPNK HD WHLS",ENABLED,0.70,474667735751790,356981955621598,"2026-09-19 16:57:30"
SPONSORED_PRODUCTS,"KS Z1 ECO BLK","KS Z1 ECO BLK",ENABLED,0.80,382248116665268,421702721161633,"2026-09-19 16:57:30"
SPONSORED_PRODUCTS,"KS Z1 ECO BLK PT","KS Z1 ECO BLK",ENABLED,0.80,294140902369035,315599606951584,"2026-09-19 16:57:30"
SPONSORED_PRODUCTS,"KS Z1 ECO BLK WHLS","KS Z1 ECO BLK WHLS",ENABLED,0.63,293472832403035,532501402243099,"2026-09-19 16:57:30"
SPONSORED_PRODUCTS,"KS Z1 ECO BLK WHLS PT","KS Z1 ECO BLK WHLS",ENABLED,0.63,547214503245079,453688502649201,"2026-09-19 16:57:30"
SPONSORED_PRODUCTS,"KS Z1 ECO BLU PT","KS Z1 ECO BLU",ENABLED,0.80,434942705331907,448017444084059,"2026-09-19 16:57:30"
SPONSORED_PRODUCTS,"KS Z1 ECO BLU KW","KS Z1 ECO BLU",ENABLED,0.80,318392052692579,515654899271351,"2026-09-19 16:57:30"
SPONSORED_PRODUCTS,"KS Z1 ECO BLU WHLS KW","KS Z1 ECO BLU WHLS",ENABLED,0.63,369164955764625,352567080780782,"2026-09-19 16:57:30"
SPONSORED_PRODUCTS,"PARENT KS ECO Z1 WHL PT","KS Z1 ECO BLU WHLS",ENABLED,0.50,552819315340721,541095522580013,"2026-09-19 16:57:30"
SPONSORED_PRODUCTS,"KS Z1 ECO RED","KS Z1 ECO RED",ENABLED,0.63,313601906523871,435890402800231,"2026-09-19 16:57:30"
SPONSORED_PRODUCTS,"KS Z1 ECO RED PT","KS Z1 ECO RED",ENABLED,0.63,540355752612394,536357207165348,"2026-09-19 16:57:30"
SPONSORED_PRODUCTS,"PARENT KS ECO Z1 WHL KW","KS Z1 ECO RED WHLS",ENABLED,0.63,547299339043522,478170327763474,"2026-09-19 16:57:30"
SPONSORED_PRODUCTS,"KS Z1 ECO RED WHLS PT","KS Z1 ECO RED WHLS",ENABLED,0.63,387304419138122,531787542876372,"2026-09-19 16:57:30"
SPONSORED_PRODUCTS,"PARENT KS Z1 ECO KW","KS Z1 ECO WH",ENABLED,0.75,301862265155852,483321298273287,"2026-09-19 16:57:30"
SPONSORED_PRODUCTS,"KS Z1 ECO WH WHLS KW","KS Z1 ECO WH WHLS",ENABLED,0.75,284356702572238,556257170213497,"2026-09-19 16:57:30"
SPONSORED_PRODUCTS,"KS Z1 ECO WH WHLS PT","KS Z1 ECO WH WHLS",ENABLED,0.75,474805088999826,325871434589238,"2026-09-19 16:57:30"
SPONSORED_PRODUCTS,"KS Z1 RED HD KW","KS Z1 RED HD",ENABLED,0.85,352432815296363,398959816351136,"2026-09-19 16:57:30"
SPONSORED_PRODUCTS,"KS Z1 RED HD PT","KS Z1 RED HD",ENABLED,1.02,518780188649632,463278855966174,"2026-09-19 16:57:30"
SPONSORED_PRODUCTS,"KS Z1 RED HD WHLS KW","KS Z1 RED HD WHLS",ENABLED,0.72,378882929461739,368842109709086,"2026-09-19 16:57:30"
SPONSORED_PRODUCTS,"KS Z1 RED HD WHLS PT","KS Z1 RED HD WHLS",ENABLED,0.68,354231692558914,394897283081437,"2026-09-19 16:57:30"
SPONSORED_PRODUCTS,"KS Z1 WH KW","KS Z1 WH",ENABLED,0.70,492652911984279,462812064991117,"2026-09-19 16:57:30"
SPONSORED_PRODUCTS,"KS Z1 WH PT","KS Z1 WH",ENABLED,0.68,480760146980044,365208658643640,"2026-09-19 16:57:30"
SPONSORED_PRODUCTS,"KS Z1 WH HD PT","KS Z1 WH HD",ENABLED,0.92,460984835251933,332342620696896,"2026-09-19 16:57:30"
SPONSORED_PRODUCTS,"KS Z1 WH HD KW","KS Z1 WH HD",ENABLED,0.92,472703707297759,545617754467679,"2026-09-19 16:57:30"
SPONSORED_PRODUCTS,"KS Z1 WH HD WHLS PT","KS Z1 WH HD WHLS",ENABLED,0.65,524028654987242,447993479951602,"2026-09-19 16:57:30"
SPONSORED_PRODUCTS,"KS Z1 WH HD WHLS KW","KS Z1 WH HD WHLS",ENABLED,0.65,518360335073476,382726263054471,"2026-09-19 16:57:30"
SPONSORED_PRODUCTS,"PARENT KB Z1 COMBO KW","KS Z1 WH HD WHLS+KBB WH HD",ENABLED,0.98,391492683468333,447210352966997,"2026-09-19 16:57:30"
SPONSORED_PRODUCTS,"KS Z1 WH HD WHLS+KBB WH HD PT","KS Z1 WH HD WHLS+KBB WH HD",ENABLED,1.42,556458109482832,345209461952367,"2026-09-19 16:57:30"
SPONSORED_PRODUCTS,"KS Z1 WH HD+KBB WH HD KW","KS Z1 WH HD+KBB WH HD",ENABLED,1.06,464925858130868,311925196296191,"2026-09-19 16:57:30"
SPONSORED_PRODUCTS,"PARENT KB Z1 COMBO PT","KS Z1 WH HD+KBB WH HD",ENABLED,0.98,487385068939726,327435407853749,"2026-09-19 16:57:30"
SPONSORED_PRODUCTS,,"LS 100",ENABLED,0.39,537578276110845,436401668387253,"2026-09-19 16:57:30"
SPONSORED_PRODUCTS,,"LS 100",ENABLED,0.40,338793009485093,499510904806807,"2026-09-19 16:57:30"
SPONSORED_PRODUCTS,"LS 110 CRANK PT","LS 110 CRANK",ENABLED,0.60,538574517788429,443851646007207,"2026-09-19 16:57:30"
SPONSORED_PRODUCTS,"LS 110 CRANK KW","LS 110 CRANK",ENABLED,0.80,486505701182040,337445310658698,"2026-09-19 16:57:30"
SPONSORED_PRODUCTS,"LS 120 CRANK PT","LS 120 CRANK",ENABLED,0.79,539662200480471,340021581405858,"2026-09-19 16:57:30"
SPONSORED_PRODUCTS,"PARENT LS CRANK PT","LS 120 CRANK 2PCS",PAUSED,0.62,457595864726916,559965509719549,"2026-09-19 16:57:30"
SPONSORED_PRODUCTS,"PARENT DJ LGT Stand PT","LS TB35",ENABLED,0.55,331232668188004,342080095008189,"2026-09-19 16:57:30"
SPONSORED_PRODUCTS,"LS TB35 2PCS PT","LS TB35 2PCS",ENABLED,0.68,472444384547267,284810337389084,"2026-09-19 16:57:30"
SPONSORED_PRODUCTS,"MC 02 6PCS fba KW","MC 02 6PCS fba",ENABLED,0.54,282744336241253,427110575159426,"2026-09-19 16:57:30"
SPONSORED_PRODUCTS,"MC 02 6PCS fba PT","MC 02 6PCS fba",ENABLED,0.54,402956968382772,356140541945051,"2026-09-19 16:57:30"
SPONSORED_PRODUCTS,"MC 07 6PCS FBA KW","MC 07 6PCS FBA",ENABLED,0.43,460471673342378,475303656155966,"2026-09-19 16:57:30"
SPONSORED_PRODUCTS,"MC 08 4PCS FBA PT","MC 08 4PCS FBA",ENABLED,0.33,516105647183173,326470012142314,"2026-09-19 16:57:30"
SPONSORED_PRODUCTS,"MC 08 4PCS FBA KW","MC 08 4PCS FBA",ENABLED,0.33,558878462253753,562346749405600,"2026-09-19 16:57:30"
SPONSORED_PRODUCTS,"MC-01 6 PCS fba PT","MC-01 6 PCS fba",ENABLED,0.28,318671805605848,481978198112595,"2026-09-19 16:57:30"
SPONSORED_PRODUCTS,"MC-01 6 PCS fba","MC-01 6 PCS fba",ENABLED,0.28,410651463191843,401973784754706,"2026-09-19 16:57:30"
SPONSORED_PRODUCTS,"MC-03 4PCS fba KW","MC-03 4PCS fba",ENABLED,0.44,307533596787129,483172159272492,"2026-09-19 16:57:30"
SPONSORED_PRODUCTS,"MC-03 4PCS fba PT","MC-03 4PCS fba",ENABLED,0.44,356028535425430,429303696653135,"2026-09-19 16:57:30"
SPONSORED_PRODUCTS,"MIC 883 PT","MIC 883 PT",ENABLED,0.75,536577471371897,350680458509841,"2026-09-19 16:57:30"
SPONSORED_PRODUCTS,"MIC CROWN","MIC CROWN",ENABLED,0.73,332870192895278,388507724206939,"2026-09-19 16:57:30"
SPONSORED_PRODUCTS,"PARENT CONDENSOR MIC PT","MIC CROWN",ENABLED,0.92,407527818260923,557253067464200,"2026-09-19 16:57:30"
SPONSORED_PRODUCTS,"MIC CROWN FBA PT","MIC CROWN FBA",ENABLED,0.67,545208847061575,287514417927362,"2026-09-19 16:57:30"
SPONSORED_PRODUCTS,"MIC CROWN FBA.","MIC CROWN FBA",ENABLED,0.62,326461508564352,529360924108732,"2026-09-19 16:57:30"
SPONSORED_PRODUCTS,"MR 6.5 BLT R 4oHM KW","MR 6.5 BLT R 4oHM",ENABLED,0.13,506081031419658,492857457211079,"2026-09-19 16:57:30"
SPONSORED_PRODUCTS,"MR 6.5 BLT R 4oHM PT","MR 6.5 BLT R 4oHM",ENABLED,0.13,481929462523076,469304683187681,"2026-09-19 16:57:30"
SPONSORED_PRODUCTS,"MR 6.5 BLT R 4oHM 2PCS KW","MR 6.5 BLT R 4oHM 2PCS",ENABLED,0.71,300848361918578,399016105130686,"2026-09-19 16:57:30"
SPONSORED_PRODUCTS,"MR 6.5 BLT R 8oHM KW","MR 6.5 BLT R 8oHM",ENABLED,0.41,483182601820426,305143161198290,"2026-09-19 16:57:30"
SPONSORED_PRODUCTS,"MR 6.5 BLT R 8oHM PT","MR 6.5 BLT R 8oHM",ENABLED,0.82,357964964103752,388167342443031,"2026-09-19 16:57:30"
SPONSORED_PRODUCTS,"MR 6.5 BLT R 8oHM 2PCS PT","MR 6.5 BLT R 8oHM 2PCS",ENABLED,0.50,411739676522945,386516502717270,"2026-09-19 16:57:30"
SPONSORED_PRODUCTS,"MR 6.5 BLT R 8oHM 2PCS KW","MR 6.5 BLT R 8oHM 2PCS",ENABLED,0.52,418345863568318,373729616835987,"2026-09-19 16:57:30"
SPONSORED_PRODUCTS,"MR 8 BLT R 4oHM PT","MR 8 BLT R 4oHM",ENABLED,0.13,436220932621788,394888845669802,"2026-09-19 16:57:30"
SPONSORED_PRODUCTS,"MR 8 BLT R 4oHM KW","MR 8 BLT R 4oHM",ENABLED,0.18,443528394830911,352018191803929,"2026-09-19 16:57:30"
SPONSORED_PRODUCTS,"MR 8 BLT R 4oHM 2PCS KW","MR 8 BLT R 4oHM 2PCS",ENABLED,0.18,329271144544517,467524628334677,"2026-09-19 16:57:30"
SPONSORED_PRODUCTS,"MR 8 BLT R 4oHM 2PCS PT","MR 8 BLT R 4oHM 2PCS",ENABLED,0.53,436665475242464,461852995748825,"2026-09-19 16:57:30"
SPONSORED_PRODUCTS,"MR 8 BLT R 8oHM PT","MR 8 BLT R 8oHM",ENABLED,0.13,348536626641949,495973511715747,"2026-09-19 16:57:30"
SPONSORED_PRODUCTS,"MR 8 BLT R 8oHM KW","MR 8 BLT R 8oHM",ENABLED,0.13,485624709975471,438398288910205,"2026-09-19 16:57:30"
SPONSORED_PRODUCTS,"PARENT MR 8 KW","MR 8 BLT R 8oHM 2PCS",ENABLED,0.13,405091231437009,381383552494332,"2026-09-19 16:57:30"
SPONSORED_PRODUCTS,"PARENT MR 8 PT","MR 8 BLT R 8oHM 2PCS",ENABLED,0.13,519285173665738,395236850326961,"2026-09-19 16:57:30"
SPONSORED_PRODUCTS,"MS 080 KW","MS 080",ENABLED,0.44,552620299851698,520975210845538,"2026-09-19 16:57:30"
SPONSORED_PRODUCTS,"MS 080 PT","MS 080",ENABLED,0.47,305350412617256,518211519999380,"2026-09-19 16:57:30"
SPONSORED_PRODUCTS,"MS 080 2Pcs KW","MS 080 2Pcs",ENABLED,0.60,311552002542053,406625437301825,"2026-09-19 16:57:30"
SPONSORED_PRODUCTS,"MS 080 2Pcs PT.","MS 080 2Pcs",ENABLED,0.60,391680086307784,366303344403697,"2026-09-19 16:57:30"
SPONSORED_PRODUCTS,"MS 080 4Pcs PT","MS 080 4Pcs",ENABLED,0.65,399495197464864,543052567461255,"2026-09-19 16:57:30"
SPONSORED_PRODUCTS,"MS 080 4Pcs KW","MS 080 4Pcs",ENABLED,0.65,283070128582561,295343675526186,"2026-09-19 16:57:30"
SPONSORED_PRODUCTS,"MS 080 D-BLU KW","MS 080 D-BLU",ENABLED,0.40,554422662013658,395378065439384,"2026-09-19 16:57:30"
SPONSORED_PRODUCTS,"MS 080 D-BLU PT","MS 080 D-BLU",ENABLED,0.39,379026496232055,419176720391823,"2026-09-19 16:57:30"
SPONSORED_PRODUCTS,"MS 080 D-BLU 2PCS KW","MS 080 D-BLU 2PCS",ENABLED,0.57,493640377330465,288578303969231,"2026-09-19 16:57:30"
SPONSORED_PRODUCTS,"MS 080 D-BLU 2PCS PT","MS 080 D-BLU 2PCS",ENABLED,0.75,560739929358243,443959937994223,"2026-09-19 16:57:30"
SPONSORED_PRODUCTS,"MS 080 D-BLU 4PCS KW","MS 080 D-BLU 4PCS",ENABLED,0.57,347332559615919,375009409270717,"2026-09-19 16:57:30"
SPONSORED_PRODUCTS,"MS 080 D-BLU 4PCS PT","MS 080 D-BLU 4PCS",ENABLED,0.68,321578716930800,468979784066270,"2026-09-19 16:57:30"
SPONSORED_PRODUCTS,"MS 080 RED PT","MS 080 RED",ENABLED,0.39,424369150617614,347524769266116,"2026-09-19 16:57:30"
SPONSORED_PRODUCTS,"MS 080 RED KW","MS 080 RED",ENABLED,0.40,429252197032726,539965469251588,"2026-09-19 16:57:30"
SPONSORED_PRODUCTS,"MS 080 RED 2 PCS PT","MS 080 RED 2 PCS",ENABLED,0.55,422879377324852,367607194455007,"2026-09-19 16:57:30"
SPONSORED_PRODUCTS,"MS 080 RED 2 PCS KW","MS 080 RED 2 PCS",ENABLED,0.54,537108968027315,383268058282465,"2026-09-19 16:57:30"
SPONSORED_PRODUCTS,"MS 080 RED 2PC KW","MS 080 RED 2PC",ENABLED,0.57,436189412339446,456924439814589,"2026-09-19 16:57:30"
SPONSORED_PRODUCTS,"MS 080 RED 2PC PT","MS 080 RED 2PC",ENABLED,0.60,404347903307502,410546739905382,"2026-09-19 16:57:30"
SPONSORED_PRODUCTS,"MS 080 RED 4PC PT","MS 080 RED 4PC",ENABLED,0.68,430325424224882,438602434819052,"2026-09-19 16:57:30"
SPONSORED_PRODUCTS,"MS 080 RED 4PC KW","MS 080 RED 4PC",ENABLED,0.75,526867049916064,373609341849171,"2026-09-19 16:57:30"
SPONSORED_PRODUCTS,"MS 080 SKY BLU PT","MS 080 SKY BLU",ENABLED,0.51,342249192800986,443806557726483,"2026-09-19 16:57:30"
SPONSORED_PRODUCTS,"MS 080 SKY BLU KW","MS 080 SKY BLU",ENABLED,1.01,374659657634326,309428952566207,"2026-09-19 16:57:30"
SPONSORED_PRODUCTS,"MS 080 SKY BLU 2PC PT","MS 080 SKY BLU 2PC",ENABLED,0.60,301014309046563,356783166708997,"2026-09-19 16:57:30"
SPONSORED_PRODUCTS,"MS 080 SKY BLU 2PC KW","MS 080 SKY BLU 2PC",ENABLED,0.57,315135417944654,441927831646397,"2026-09-19 16:57:30"
SPONSORED_PRODUCTS,"MS 080 SKY BLU 4PC KW","MS 080 SKY BLU 4PC",ENABLED,0.71,480631495089921,482089285099845,"2026-09-19 16:57:30"
SPONSORED_PRODUCTS,"MS 080 SKY BLU 4PC PT","MS 080 SKY BLU 4PC",ENABLED,0.68,383080985062924,467653845748686,"2026-09-19 16:57:30"
SPONSORED_PRODUCTS,"MS 080 WH PT","MS 080 WH",ENABLED,0.51,489031239604805,440058021240786,"2026-09-19 16:57:30"
SPONSORED_PRODUCTS,"MS 080 WH KW","MS 080 WH",ENABLED,0.57,326096680155061,458401974840365,"2026-09-19 16:57:30"
SPONSORED_PRODUCTS,"MS 080 WH 2PCS KW","MS 080 WH 2PCS",ENABLED,0.57,560409869230421,330520594422266,"2026-09-19 16:57:30"
SPONSORED_PRODUCTS,"MS 080 WH 2PCS PT","MS 080 WH 2PCS",ENABLED,0.60,349781983751260,421899281490518,"2026-09-19 16:57:30"
SPONSORED_PRODUCTS,"MS 080 WH 4PC KW","MS 080 WH 4PC",ENABLED,0.71,502453494545938,459834981971934,"2026-09-19 16:57:30"
SPONSORED_PRODUCTS,"MS 080 WH 4PC PT","MS 080 WH 4PC",ENABLED,0.68,304727920223612,439950450369918,"2026-09-19 16:57:30"
SPONSORED_PRODUCTS,"MS 080 YLW PT","MS 080 YLW",ENABLED,0.51,365567811408961,465342336358497,"2026-09-19 16:57:30"
SPONSORED_PRODUCTS,"MS 080 YLW KW","MS 080 YLW",ENABLED,0.57,440023393444373,312183160239446,"2026-09-19 16:57:30"
SPONSORED_PRODUCTS,"MS 080 YLW 2PC KW","MS 080 YLW 2PC",ENABLED,0.57,308823707686256,313924723593434,"2026-09-19 16:57:30"
SPONSORED_PRODUCTS,"MS 080 YLW 2PC PT","MS 080 YLW 2PC",ENABLED,0.60,340814391939901,444348883157991,"2026-09-19 16:57:30"
SPONSORED_PRODUCTS,"MS 080 YLW 4PC. KW","MS 080 YLW 4PC",ENABLED,0.71,328448392568032,300740391959094,"2026-09-19 16:57:30"
SPONSORED_PRODUCTS,"MS 080 YLW 4PC PT","MS 080 YLW 4PC",ENABLED,0.68,447936295766671,420235457052948,"2026-09-19 16:57:30"
SPONSORED_PRODUCTS,"MS ARM R KW","MS ARM R",ENABLED,0.58,368284586020657,431732137963073,"2026-09-19 16:57:30"
SPONSORED_PRODUCTS,"MS DBL KW","MS DBL",ENABLED,0.40,497350981279034,480452590945248,"2026-09-19 16:57:30"
SPONSORED_PRODUCTS,"MS DBL PT","MS DBL",ENABLED,0.39,362162922424706,390273578392937,"2026-09-19 16:57:30"
SPONSORED_PRODUCTS,"PARENT MS DBL 2Pk PT","MS DBL 2 PCS",ENABLED,0.55,448743168303269,384300226098777,"2026-09-19 16:57:30"
SPONSORED_PRODUCTS,"PARENT MS DBL 2Pk KW","MS DBL 2 PCS",ENABLED,0.75,540597891784048,368238068241078,"2026-09-19 16:57:30"
SPONSORED_PRODUCTS,"PARENT MS DBL 4Pk PT","MS DBL 4PCS",ENABLED,0.68,362887807353252,422275755184530,"2026-09-19 16:57:30"
SPONSORED_PRODUCTS,"PARENT MS DBL 1Pk PT","MS DBL G D-BLU",ENABLED,0.38,478903940320555,296920448260449,"2026-09-19 16:57:30"
SPONSORED_PRODUCTS,"MS DBL G D-BLU KW","MS DBL G D-BLU",ENABLED,0.57,438674887771638,347493699635822,"2026-09-19 16:57:30"
SPONSORED_PRODUCTS,"PARENT MS DBL 1Pk KW","MS DBL G D-BLU",ENABLED,0.57,320484019087836,482361806037174,"2026-09-19 16:57:30"
SPONSORED_PRODUCTS,"MS DBL G RED PT","MS DBL G RED",ENABLED,0.38,308972718136297,544843417626779,"2026-09-19 16:57:30"
SPONSORED_PRODUCTS,"MS DBL G RED KW","MS DBL G RED",ENABLED,0.57,302535265915064,360480509238030,"2026-09-19 16:57:30"
SPONSORED_PRODUCTS,"MS DBL G RED 2 PCS KW","MS DBL G RED 2 PCS",ENABLED,0.75,488173315924274,460497146802160,"2026-09-19 16:57:30"
SPONSORED_PRODUCTS,"MS DBL G SKY BLU PT","MS DBL G SKY BLU",ENABLED,0.51,337043717595723,357329635084092,"2026-09-19 16:57:30"
SPONSORED_PRODUCTS,"MS DBL G SKY BLU KW","MS DBL G SKY BLU",ENABLED,0.57,430394183249192,471782757670420,"2026-09-19 16:57:30"
SPONSORED_PRODUCTS,"MS DBL G WH KW","MS DBL G WH",ENABLED,0.57,315689746018660,433626594545089,"2026-09-19 16:57:30"
SPONSORED_PRODUCTS,"MS DBL G WH KW.","MS DBL G WH",ENABLED,0.57,410912564592964,290542390176034,"2026-09-19 16:57:30"
SPONSORED_PRODUCTS,"MS DBL G WH PT","MS DBL G WH",ENABLED,0.51,375660047465905,341238958767013,"2026-09-19 16:57:30"
SPONSORED_PRODUCTS,"MS DBL G YLW PT","MS DBL G YLW",ENABLED,0.51,293915834271810,396895169455862,"2026-09-19 16:57:30"
SPONSORED_PRODUCTS,"MS DBL G YLW KW","MS DBL G YLW",ENABLED,0.57,480672891513246,321211038926285,"2026-09-19 16:57:30"
SPONSORED_PRODUCTS,"MS MINI TRI BLK PT","MS MINI TRI BLK",ENABLED,0.40,431585545972381,291136089915717,"2026-09-19 16:57:30"
SPONSORED_PRODUCTS,"MS MINI TRI BLK.","MS MINI TRI BLK",ENABLED,0.59,399343102745682,389544105019582,"2026-09-19 16:57:30"
SPONSORED_PRODUCTS,,"MS MINI TRI BLK FBA",ENABLED,0.41,396641933194335,462867244941387,"2026-09-19 16:57:30"
SPONSORED_PRODUCTS,,"MS MINI TRI BLK FBA",ENABLED,0.51,318908325565889,561126167232914,"2026-09-19 16:57:30"
SPONSORED_PRODUCTS,"MS MINI TRI CH PT","MS MINI TRI CH",ENABLED,0.57,455350595192828,478420005138496,"2026-09-19 16:57:30"
SPONSORED_PRODUCTS,"MS MINI TRI CH KW","MS MINI TRI CH",ENABLED,0.51,542989699616505,520266845532837,"2026-09-19 16:57:30"
SPONSORED_PRODUCTS,"MS MINI TRI CH FBA PT","MS MINI TRI CH FBA",ENABLED,0.63,401775658346811,456963967519446,"2026-09-19 16:57:30"
SPONSORED_PRODUCTS,"MS MINI TRI CH FBA KW","MS MINI TRI CH FBA",ENABLED,0.63,303019389249344,391414471755524,"2026-09-19 16:57:30"
SPONSORED_PRODUCTS,"PARENT MS RBL KW","MS RBL",ENABLED,0.51,374000226656409,370420881456071,"2026-09-19 16:57:30"
SPONSORED_PRODUCTS,"PARENT MS RBL PT","MS RBL",ENABLED,0.55,367046361090804,532933366208002,"2026-09-19 16:57:30"
SPONSORED_PRODUCTS,"MS RBL 2PCS PT","MS RBL 2PCS",ENABLED,0.55,349108519103313,459537277009364,"2026-09-19 16:57:30"
SPONSORED_PRODUCTS,"MS RBL 2PCS KW","MS RBL 2PCS",ENABLED,0.51,507831177194929,401339075263091,"2026-09-19 16:57:30"
SPONSORED_PRODUCTS,"MS RBL 3T KW","MS RBL 3T",ENABLED,0.73,336960576286837,287629644847738,"2026-09-19 16:57:30"
SPONSORED_PRODUCTS,"MS RBL 3T PT","MS RBL 3T",ENABLED,0.73,498745797030424,497371487858282,"2026-09-19 16:57:30"
SPONSORED_PRODUCTS,"MS RBL 3T 2PCS KW","MS RBL 3T 2PCS",ENABLED,0.51,284946963754277,550643440371224,"2026-09-19 16:57:30"
SPONSORED_PRODUCTS,"MS RBL 3T 2PCS PT","MS RBL 3T 2PCS",ENABLED,0.52,446830955343014,401697367176032,"2026-09-19 16:57:30"
SPONSORED_PRODUCTS,"MS RBL HND CLCH KW","MS RBL HND CLCH",ENABLED,0.51,379430443615594,405898908088344,"2026-09-19 16:57:30"
SPONSORED_PRODUCTS,"PARENT MS RBL HND KW","MS RBL HND CLCH 2PCS",ENABLED,0.73,317530339264625,389158540010141,"2026-09-19 16:57:30"
SPONSORED_PRODUCTS,"MS RBL HND CLCH 2PCS PT","MS RBL HND CLCH 2PCS",ENABLED,0.73,532990350808947,441127046845001,"2026-09-19 16:57:30"
SPONSORED_PRODUCTS,"MS RBP 3T PT","MS RBP 3T",ENABLED,0.62,556000725847670,361570665289455,"2026-09-19 16:57:30"
SPONSORED_PRODUCTS,"MS RBP 3T KW","MS RBP 3T",ENABLED,0.61,513644388671924,557460368515386,"2026-09-19 16:57:30"
SPONSORED_PRODUCTS,"MS RBP 3T 2PCS KW","MS RBP 3T 2PCS",ENABLED,0.61,538948325509061,361346667880054,"2026-09-19 16:57:30"
SPONSORED_PRODUCTS,"MS RBP 3T 2PCS PT","MS RBP 3T 2PCS",ENABLED,0.62,340479754905022,488830731189378,"2026-09-19 16:57:30"
SPONSORED_PRODUCTS,"MS RBP 3T GSE KW","MS RBP 3T GSE",ENABLED,0.60,556864512878855,524505160709564,"2026-09-19 16:57:30"
SPONSORED_PRODUCTS,"MS RBP 3T GSE PT","MS RBP 3T GSE",ENABLED,0.60,436617108663804,348288365988952,"2026-09-19 16:57:30"
SPONSORED_PRODUCTS,"PARENT MS RBP PT","MS RBP 3T GSE 2PCS",ENABLED,0.76,391730620526620,292626725491289,"2026-09-19 16:57:30"
SPONSORED_PRODUCTS,"MS RBP5 KW","MS RBP5",ENABLED,0.61,534872378070651,428489362600046,"2026-09-19 16:57:30"
SPONSORED_PRODUCTS,"MS RBP5 PT","MS RBP5",ENABLED,0.62,521744584796704,392681942319269,"2026-09-19 16:57:30"
SPONSORED_PRODUCTS,"MS RBP5 2PCS PT","MS RBP5 2PCS",ENABLED,0.62,451827965293629,364966070579327,"2026-09-19 16:57:30"
SPONSORED_PRODUCTS,"MS RBP5 2PCS KW","MS RBP5 2PCS",ENABLED,0.68,347294606131283,526658916120168,"2026-09-19 16:57:30"
SPONSORED_PRODUCTS,"PARENT RBS BOOM PT","MS RBS BOOM",ENABLED,0.51,533998032086393,403288176967717,"2026-09-19 16:57:30"
SPONSORED_PRODUCTS,"PARENT RBS BOOM KW","MS RBS BOOM",ENABLED,0.66,488184812281130,311644387217282,"2026-09-19 16:57:30"
SPONSORED_PRODUCTS,"MS RBS BOOM 2 PCS","MS RBS BOOM 2 PCS",ENABLED,0.75,406565344247170,534945856066703,"2026-09-19 16:57:30"
SPONSORED_PRODUCTS,"MS RBS BOOM 2 PCS PT","MS RBS BOOM 2 PCS",ENABLED,0.55,527968747771189,315651040477659,"2026-09-19 16:57:30"
SPONSORED_PRODUCTS,"PARENT DMS KW","MS RBS CH IN",ENABLED,0.73,386743243964877,393943160452308,"2026-09-19 16:57:30"
SPONSORED_PRODUCTS,"MSSB KW",MSSB,ENABLED,0.51,362867561329633,450719876190156,"2026-09-19 16:57:30"
SPONSORED_PRODUCTS,"MSSB PT",MSSB,ENABLED,0.52,495013615002931,285222817977448,"2026-09-19 16:57:30"
SPONSORED_PRODUCTS,"MSSB FBA PT","MSSB FBA",ENABLED,0.59,500864927044648,484790951438159,"2026-09-19 16:57:30"
SPONSORED_PRODUCTS,"MSSB FBA","MSSB FBA",ENABLED,0.59,326665764508889,433003677053982,"2026-09-19 16:57:30"
SPONSORED_PRODUCTS,"PARENT MSSB PT","MSSB W",ENABLED,0.73,454397494205926,328426856012274,"2026-09-19 16:57:30"
SPONSORED_PRODUCTS,"MUS CLIP 2PCs PT","MUS CLIP 2PCs",ENABLED,0.66,326838402570461,466612480705002,"2026-09-19 16:57:30"
SPONSORED_PRODUCTS,"MUS FLD 4S BLK PT","MUS FLD 4S BLK",ENABLED,0.35,381688119850736,451728778757130,"2026-09-19 16:57:30"
SPONSORED_PRODUCTS,"MUS FLD 4S BLK KW","MUS FLD 4S BLK",ENABLED,0.35,287017150079418,336811420900076,"2026-09-19 16:57:30"
SPONSORED_PRODUCTS,"MUS FLD 4S BLK WLGT PT","MUS FLD 4S BLK WLGT",ENABLED,0.35,519127234936086,535185753888408,"2026-09-19 16:57:30"
SPONSORED_PRODUCTS,"MUS FLD 4S BLK WLGT KW","MUS FLD 4S BLK WLGT",ENABLED,0.35,423441088608986,522335839317716,"2026-09-19 16:57:30"
SPONSORED_PRODUCTS,"MUS FLD 4S BLU PT","MUS FLD 4S BLU",ENABLED,0.35,410448169275131,312472504006412,"2026-09-19 16:57:30"
SPONSORED_PRODUCTS,"MUS FLD 4S BLU KW","MUS FLD 4S BLU",ENABLED,0.35,472158340678950,514032777249588,"2026-09-19 16:57:30"
SPONSORED_PRODUCTS,"MUS FLD 4S BLU WLGT KW","MUS FLD 4S BLU WLGT",ENABLED,0.42,547188245065885,519925146690263,"2026-09-19 16:57:30"
SPONSORED_PRODUCTS,"MUS FLD 4S BLU WLGT PT","MUS FLD 4S BLU WLGT",ENABLED,0.80,366982982344832,373233506994130,"2026-09-19 16:57:30"
SPONSORED_PRODUCTS,"MUS FLD 4S PNK PT","MUS FLD 4S PNK",ENABLED,0.35,315506176636484,552136357765464,"2026-09-19 16:57:30"
SPONSORED_PRODUCTS,"MUS FLD 4S PNK KW","MUS FLD 4S PNK",ENABLED,0.35,562854100162982,362842533705174,"2026-09-19 16:57:30"
SPONSORED_PRODUCTS,"MUS FLD 4S PNK WLGT PT","MUS FLD 4S PNK WLGT",ENABLED,0.35,332717587438971,340906892546443,"2026-09-19 16:57:30"
SPONSORED_PRODUCTS,"MUS FLD 4S PNK WLGT KW","MUS FLD 4S PNK WLGT",ENABLED,0.35,380620507803350,341126321556763,"2026-09-19 16:57:30"
SPONSORED_PRODUCTS,"MUS FLD 4S WH KW","MUS FLD 4S WH",ENABLED,0.35,307863603518241,367015128852300,"2026-09-19 16:57:30"
SPONSORED_PRODUCTS,"MUS FLD 4S WH PT","MUS FLD 4S WH",ENABLED,0.35,397003838086544,379722475466638,"2026-09-19 16:57:30"
SPONSORED_PRODUCTS,"PARENT MUS 4S KW","MUS FLD 4S WH WLGT",ENABLED,0.80,527916892102623,326994775363506,"2026-09-19 16:57:30"
SPONSORED_PRODUCTS,"MUS FLD BLK KW","MUS FLD BLK",ENABLED,0.35,530890934938921,464666381885168,"2026-09-19 16:57:30"
SPONSORED_PRODUCTS,"MUS FLD BLK PT","MUS FLD BLK",ENABLED,0.33,418790469531500,347092752034193,"2026-09-19 16:57:30"
SPONSORED_PRODUCTS,"MUS FLD BLU PT","MUS FLD BLU",ENABLED,0.33,526955482912996,337034304905171,"2026-09-19 16:57:30"
SPONSORED_PRODUCTS,"MUS FLD BLU KW","MUS FLD BLU",ENABLED,0.35,344056887223842,429392774034186,"2026-09-19 16:57:30"
SPONSORED_PRODUCTS,"MUS FLD GR PT","MUS FLD GR",ENABLED,0.52,356095007932567,302215908784241,"2026-09-19 16:57:30"
SPONSORED_PRODUCTS,"MUS FLD GR KW","MUS FLD GR",ENABLED,0.75,357205749632429,440514515015497,"2026-09-19 16:57:30"
SPONSORED_PRODUCTS,"MUS FLD HD ACC BLK PT","MUS FLD HD ACC BLK",ENABLED,0.75,405384800754399,403961673630163,"2026-09-19 16:57:30"
SPONSORED_PRODUCTS,"MUS FLD HD ACC BLK KW","MUS FLD HD ACC BLK",ENABLED,0.44,322375829818191,368646662498045,"2026-09-19 16:57:30"
SPONSORED_PRODUCTS,"MUS FLD HD ACC BLU KW","MUS FLD HD ACC BLU",ENABLED,0.82,397906122185137,306365687437820,"2026-09-19 16:57:30"
SPONSORED_PRODUCTS,"MUS FLD HD ACC BLU PT","MUS FLD HD ACC BLU",ENABLED,0.80,496419427340084,492595671248101,"2026-09-19 16:57:30"
SPONSORED_PRODUCTS,"MUS FLD HD ACC PNK PT","MUS FLD HD ACC PNK",ENABLED,0.80,398338012695351,556390370810317,"2026-09-19 16:57:30"
SPONSORED_PRODUCTS,"MUS FLD HD ACC PNK KW","MUS FLD HD ACC PNK",ENABLED,0.75,358450312422603,364273149680453,"2026-09-19 16:57:30"
SPONSORED_PRODUCTS,"PARENT MUS FLD HD ACC PT","MUS FLD HD ACC WH",ENABLED,0.80,461209947216118,445361208853291,"2026-09-19 16:57:30"
SPONSORED_PRODUCTS,"MUS FLD PNK PT","MUS FLD PNK",ENABLED,0.33,366970966889605,471859880133461,"2026-09-19 16:57:30"
SPONSORED_PRODUCTS,"MUS FLD PNK KW","MUS FLD PNK",ENABLED,0.35,381682886304860,436439900684495,"2026-09-19 16:57:30"
SPONSORED_PRODUCTS,"MUS FLD RED KW","MUS FLD RED",ENABLED,0.44,311598934734073,376655773793079,"2026-09-19 16:57:30"
SPONSORED_PRODUCTS,"MUS FLD RED PT","MUS FLD RED",ENABLED,0.52,468440613388234,305836761493260,"2026-09-19 16:57:30"
SPONSORED_PRODUCTS,"PARENT MUS FLD PT","MUS FLD WH",ENABLED,0.33,512111025405453,474824242390202,"2026-09-19 16:57:30"
SPONSORED_PRODUCTS,"MUS FLD YLW PT","MUS FLD YLW",ENABLED,0.52,474510757140887,325078753165448,"2026-09-19 16:57:30"
SPONSORED_PRODUCTS,"MUS FLD YLW KW","MUS FLD YLW",ENABLED,0.44,541087106536954,306006560087056,"2026-09-19 16:57:30"
SPONSORED_PRODUCTS,"MUS MH KW","MUS MH",ENABLED,0.67,415258530850353,537212549817930,"2026-09-19 16:57:30"
SPONSORED_PRODUCTS,"MUS MH PT","MUS MH",ENABLED,0.74,515647279341700,381523513124046,"2026-09-19 16:57:30"
SPONSORED_PRODUCTS,"MX 12CH L PT","MX 12CH L",ENABLED,0.53,436632042269293,427401274008701,"2026-09-19 16:57:30"
SPONSORED_PRODUCTS,"MX 12CH L KW","MX 12CH L",ENABLED,0.51,554634486181203,552459637057982,"2026-09-19 16:57:30"
SPONSORED_PRODUCTS,"PARENT MX XU PT","MX 12CH XU",ENABLED,0.64,345884495022523,340200638007557,"2026-09-19 16:57:30"
SPONSORED_PRODUCTS,"PARENT MX KW","MX 12CH XU",ENABLED,0.75,499043825862220,453424618039262,"2026-09-19 16:57:30"
SPONSORED_PRODUCTS,"PARENT MX-L KW","MX 16CH L",ENABLED,0.52,366604525287060,537358564193983,"2026-09-19 16:57:30"
SPONSORED_PRODUCTS,"PARENT MX XU KW","MX 16CH XU",ENABLED,0.53,306661346293344,376146279205575,"2026-09-19 16:57:30"
SPONSORED_PRODUCTS,"PARENT MX PT","MX 16CH XU",ENABLED,0.53,307374300384193,298237328890325,"2026-09-19 16:57:30"
SPONSORED_PRODUCTS,"MX 20CH XU KW","MX 20CH XU",ENABLED,0.53,490464040287272,384555739546751,"2026-09-19 16:57:30"
SPONSORED_PRODUCTS,"MX 20CH XU PT","MX 20CH XU",ENABLED,0.53,367996330684816,452679637608864,"2026-09-19 16:57:30"
SPONSORED_PRODUCTS,"MX 24CH L PT","MX 24CH L",ENABLED,0.53,323019884872662,305348832711972,"2026-09-19 16:57:30"
SPONSORED_PRODUCTS,"MX 24CH L KW","MX 24CH L",ENABLED,0.52,309276526777629,388971248576798,"2026-09-19 16:57:30"
SPONSORED_PRODUCTS,"MX 24CH XU KW","MX 24CH XU",ENABLED,0.75,299628596002595,301483027203699,"2026-09-19 16:57:30"
SPONSORED_PRODUCTS,"MX 24CH XU PT","MX 24CH XU",ENABLED,0.86,547192865314120,339615625437895,"2026-09-19 16:57:30"
SPONSORED_PRODUCTS,"PARENT MX 4CH PT","MX 4CH",ENABLED,0.37,538878862450948,325553452240008,"2026-09-19 16:57:30"
SPONSORED_PRODUCTS,"PARENT MX 4CH KW","MX 4CH",ENABLED,0.35,289168135610972,448438278049536,"2026-09-19 16:57:30"
SPONSORED_PRODUCTS,"MX 4CH 2MIC SLV FBA","MX 4CH 2MIC SLV FBA",ENABLED,0.75,469946919163301,445839478469263,"2026-09-19 16:57:30"
SPONSORED_PRODUCTS,"MX 4CH 2MIC SLV FBA PT","MX 4CH 2MIC SLV FBA",ENABLED,0.75,538407695223469,409838918507272,"2026-09-19 16:57:30"
SPONSORED_PRODUCTS,"MX 4CH FBA","MX 4CH FBA",ENABLED,0.51,439268463231904,455131145515770,"2026-09-19 16:57:30"
SPONSORED_PRODUCTS,"MX 4CH FBA PT","MX 4CH FBA PT",ENABLED,0.51,493887028916752,414953195684286,"2026-09-19 16:57:30"
SPONSORED_PRODUCTS,"MX 4CH ORG KW","MX 4CH ORG",ENABLED,0.51,291115318902691,318314968039682,"2026-09-19 16:57:30"
SPONSORED_PRODUCTS,"MX 4CH ORG PT","MX 4CH ORG",ENABLED,0.66,348722076184433,478681605363243,"2026-09-19 16:57:30"
SPONSORED_PRODUCTS,"MX 4CH ORG FBA NEW PT","MX 4CH ORG FBA",ENABLED,0.49,524138300979096,341811287825749,"2026-09-19 16:57:30"
SPONSORED_PRODUCTS,"MX 4CH ORG FBA","MX 4CH ORG FBA",ENABLED,0.49,352877366626423,533519880443320,"2026-09-19 16:57:30"
SPONSORED_PRODUCTS,"MX 8CH PT","MX 8CH",ENABLED,0.86,441178018150712,299315390334244,"2026-09-19 16:57:30"
SPONSORED_PRODUCTS,"MX 8CH L PT","MX 8CH L",ENABLED,0.70,527225750155943,532989097658007,"2026-09-19 16:57:30"
SPONSORED_PRODUCTS,"MX 8CH L KW","MX 8CH L",ENABLED,0.46,284887687502000,291649216723644,"2026-09-19 16:57:30"
SPONSORED_PRODUCTS,"PARENT ND MIC PT","ND 235X",ENABLED,0.95,496255585256263,341296295149261,"2026-09-19 16:57:30"
SPONSORED_PRODUCTS,"ND 235X FBA PT","ND 235X FBA",ENABLED,0.76,410538916196416,426865922706483,"2026-09-19 16:57:30"
SPONSORED_PRODUCTS,"ND 235X FBA KW","ND 235X FBA",ENABLED,0.76,337359765023550,538726335657898,"2026-09-19 16:57:30"
SPONSORED_PRODUCTS,"ND 58 BLK KW","ND 58 BLK",ENABLED,0.81,443615333579170,408950762694427,"2026-09-19 16:57:30"
SPONSORED_PRODUCTS,"ND 58 BLK PT","ND 58 BLK",ENABLED,0.95,329112700149392,345570171806221,"2026-09-19 16:57:30"
SPONSORED_PRODUCTS,"ND 58 BLU KW","ND 58 BLU",ENABLED,0.81,396861265989121,341021795346162,"2026-09-19 16:57:30"
SPONSORED_PRODUCTS,"ND 58 BLU PT","ND 58 BLU",ENABLED,0.95,377427008189418,361834504969883,"2026-09-19 16:57:30"
SPONSORED_PRODUCTS,"ND 807+959 PT","ND 807+959",ENABLED,0.75,305980458858352,542196391615005,"2026-09-19 16:57:30"
SPONSORED_PRODUCTS,"ND 807+959 KW KW","ND 807+959",ENABLED,1.49,517816396548551,336571021360431,"2026-09-19 16:57:30"
SPONSORED_PRODUCTS,"ND 909 CHROME KW","ND 909 CHROME",ENABLED,0.81,552890830854511,288814125869025,"2026-09-19 16:57:30"
SPONSORED_PRODUCTS,"ND 909 CHROME PT","ND 909 CHROME",ENABLED,0.95,494772286984047,411100098590827,"2026-09-19 16:57:30"
SPONSORED_PRODUCTS,"ND-32 ARMEX KW","ND-32 ARMEX",ENABLED,0.81,370840387379042,285954978124683,"2026-09-19 16:57:30"
SPONSORED_PRODUCTS,"ND-32 ARMEX PT","ND-32 ARMEX",ENABLED,0.95,373783350447949,339284244214451,"2026-09-19 16:57:30"
SPONSORED_PRODUCTS,"PARENT ND-57X PT",ND-57X,ENABLED,0.66,307489799380306,505867152740856,"2026-09-19 16:57:30"
SPONSORED_PRODUCTS,"ND-57X KW",ND-57X,ENABLED,0.69,532239155188662,383398721238258,"2026-09-19 16:57:30"
SPONSORED_PRODUCTS,ND-58,ND-58,ENABLED,0.75,340581440368012,491491976730123,"2026-09-19 16:57:30"
SPONSORED_PRODUCTS,"ND-58 PT",ND-58,ENABLED,0.75,445500546780114,345335358608631,"2026-09-19 16:57:30"
SPONSORED_PRODUCTS,"ND-7800X KW",ND-7800X,ENABLED,0.81,290010722298998,466105057471171,"2026-09-19 16:57:30"
SPONSORED_PRODUCTS,"ND-7800X PT",ND-7800X,ENABLED,0.95,522101974806831,428191679368686,"2026-09-19 16:57:30"
SPONSORED_PRODUCTS,"ND-7800X FBA PT","ND-7800X FBA",ENABLED,0.74,495965385978545,373545829683479,"2026-09-19 16:57:30"
SPONSORED_PRODUCTS,"ND-7800X FBA","ND-7800X FBA",ENABLED,0.74,293645860298138,432108471055816,"2026-09-19 16:57:30"
SPONSORED_PRODUCTS,"ND-7800X FBA.","ND-7800X FBA",ENABLED,0.67,512337538017277,470584562494459,"2026-09-19 16:57:30"
SPONSORED_PRODUCTS,"PARENT MIC COPPER PT","ND-807 CoppereX",ENABLED,0.97,454906952958983,506311802490085,"2026-09-19 16:57:30"
SPONSORED_PRODUCTS,"ND-807 CoppereX FBA PT","ND-807 CoppereX FBA",ENABLED,0.74,466200546311874,447103754660948,"2026-09-19 16:57:30"
SPONSORED_PRODUCTS,"ND-807 CoppereX FBA KW","ND-807 CoppereX FBA",ENABLED,0.74,537058909409232,354644644891672,"2026-09-19 16:57:30"
SPONSORED_PRODUCTS,"ND-959 Elantra KW","ND-959 Elantra",ENABLED,0.95,535381956522282,341263301815099,"2026-09-19 16:57:30"
SPONSORED_PRODUCTS,"ND-959 Elantra PT","ND-959 Elantra",ENABLED,0.97,386728430506064,344900747414133,"2026-09-19 16:57:30"
SPONSORED_PRODUCTS,"PARENT 04 CS 4PCS KW","PARENT 04 CS 4PCS KW",ENABLED,0.26,198300135455175,65605229457930,"2026-09-19 16:57:30"
SPONSORED_PRODUCTS,"PARENT 04 CS 4PCS PT","PARENT 04 CS 4PCS PT",ENABLED,0.26,135153927173544,76551268053487,"2026-09-19 16:57:30"
SPONSORED_PRODUCTS,"PARENT 04 CS KW","PARENT 04 CS KW",ENABLED,0.51,143782773347024,525980709373398,"2026-09-19 16:57:30"
SPONSORED_PRODUCTS,"PARENT 04 WF pt","PARENT 04 WF",ENABLED,0.94,16884310170930,141013628080759,"2026-09-19 16:57:30"
SPONSORED_PRODUCTS,,"PARENT 04 WF KW 2 AG",ENABLED,0.60,27486788426172,10081195320305,"2026-09-19 16:57:30"
SPONSORED_PRODUCTS,"PARENT 04 WF KW","PARENT 04 WF KW AG",ENABLED,0.60,59164358881240,79111355179257,"2026-09-19 16:57:30"
SPONSORED_PRODUCTS,"PARENT 05 CS KW","PARENT 05 CS",ENABLED,0.26,220657835373416,58113499165667,"2026-09-19 16:57:30"
SPONSORED_PRODUCTS,"PARENT 05 CS 4PCS KW","PARENT 05 CS 4PCS KW",ENABLED,0.26,105025537948109,204344555324729,"2026-09-19 16:57:30"
SPONSORED_PRODUCTS,"PARENT 05 CS 4PCS PT","PARENT 05 CS 4PCS PT",ENABLED,0.26,256207820074371,65827341639792,"2026-09-19 16:57:30"
SPONSORED_PRODUCTS,"PARENT 05 CS PT","PARENT 05 CS PT",ENABLED,0.26,266342471502479,46961133016020,"2026-09-19 16:57:30"
SPONSORED_PRODUCTS,"PARENT 06 CS KW","PARENT 06 CS",ENABLED,0.26,154311668442371,241452539734585,"2026-09-19 16:57:30"
SPONSORED_PRODUCTS,"PARENT 06 CS 4PCS KW","PARENT 06 CS 4PCS KW",ENABLED,0.26,197336391384126,48835347555444,"2026-09-19 16:57:30"
SPONSORED_PRODUCTS,"PARENT 06 CS 4PCS PT","PARENT 06 CS 4PCS PT",ENABLED,0.26,171724257346161,204992734381955,"2026-09-19 16:57:30"
SPONSORED_PRODUCTS,"PARENT 06 CS PT","PARENT 06 CS PT",ENABLED,0.26,158669815874651,269052330073164,"2026-09-19 16:57:30"
SPONSORED_PRODUCTS,"PARENT 06 CW 2PCS KW","PARENT 06 CW 2PCS KW",ENABLED,0.90,171738531497926,178185393947666,"2026-09-19 16:57:30"
SPONSORED_PRODUCTS,"PARENT 06 CW 2PCS PT","PARENT 06 CW 2PCS PT",ENABLED,0.78,192117023159541,210432977689045,"2026-09-19 16:57:30"
SPONSORED_PRODUCTS,"PARENT 06 CW KW","PARENT 06 CW KW",ENABLED,0.45,166818052355339,29085601173795,"2026-09-19 16:57:30"
SPONSORED_PRODUCTS,"PARENT 08 CW 2PCS KW","PARENT 08 CW 2PCS KW",ENABLED,0.59,275976770782382,235185364855079,"2026-09-19 16:57:30"
SPONSORED_PRODUCTS,"PARENT 08 CW 2PCS PT","PARENT 08 CW 2PCS PT",ENABLED,0.59,53441541418240,152124920720006,"2026-09-19 16:57:30"
SPONSORED_PRODUCTS,"PARENT 08 CW 4PCS KW","PARENT 08 CW 4PCS KW",ENABLED,0.59,76746497226442,158125792687107,"2026-09-19 16:57:30"
SPONSORED_PRODUCTS,"PARENT 08 CW 4PCS PT","PARENT 08 CW 4PCS PT",ENABLED,0.59,146633962946903,177648294639347,"2026-09-19 16:57:30"
SPONSORED_PRODUCTS,"PARENT 10 CW pt","PARENT 10 CW",ENABLED,0.65,246584361956667,213947473514685,"2026-09-19 16:57:30"
SPONSORED_PRODUCTS,"PARENT 10 CW 2PCS PT","PARENT 10 CW 2PCS",ENABLED,0.67,120351332186174,88898939176126,"2026-09-19 16:57:30"
SPONSORED_PRODUCTS,"PARENT 10 CW 2PCS KW","PARENT 10 CW 2PCS KW",ENABLED,0.45,100494885144490,64048592013059,"2026-09-19 16:57:30"
SPONSORED_PRODUCTS,"PARENT 10 CW KW","PARENT 10 CW KW",ENABLED,0.45,98027721638640,233624971348558,"2026-09-19 16:57:30"
SPONSORED_PRODUCTS,"PARENT 10 FR PT","PARENT 10 FR",ENABLED,0.51,198463074457103,55645710067190,"2026-09-19 16:57:30"
SPONSORED_PRODUCTS,"PARENT 10 FR KW","PARENT 10 FR",ENABLED,0.51,2938796026608,435647484744598,"2026-09-19 16:57:30"
SPONSORED_PRODUCTS,"PARENT 10 GTR PT","PARENT 10 GTR PT",ENABLED,0.75,236721476338076,517033231686246,"2026-09-19 16:57:30"
SPONSORED_PRODUCTS,"PARENT 12 CW 2PCS KW","PARENT 12 CW 2PCS KW",ENABLED,0.59,88753147440376,243502939405642,"2026-09-19 16:57:30"
SPONSORED_PRODUCTS,"PARENT 12 CW 2PCS PT","PARENT 12 CW 2PCS PT",ENABLED,0.59,168978958113955,208826709850341,"2026-09-19 16:57:30"
SPONSORED_PRODUCTS,"PARENT 12 GSP PT","PARENT 12 GSP PT",ENABLED,0.75,76551913097203,474167623450991,"2026-09-19 16:57:30"
SPONSORED_PRODUCTS,"PARENT 12 GTR PT","PARENT 12 GTR",ENABLED,0.43,208389933306371,192292728754014,"2026-09-19 16:57:30"
SPONSORED_PRODUCTS,"PARENT 12 WF KW","PARENT 12 WF",ENABLED,0.70,109474559755706,23491348912117,"2026-09-19 16:57:30"
SPONSORED_PRODUCTS,"PARENT 15 CW 2PCS PT.","PARENT 15 CW 2PCS PT.",ENABLED,0.45,162278090768613,204093216742400,"2026-09-19 16:57:30"
SPONSORED_PRODUCTS,"PARENT 15 GTR PT","PARENT 15 FR PT",ENABLED,0.39,357017133397436,450443931511701,"2026-09-19 16:57:30"
SPONSORED_PRODUCTS,"PARENT 15 GTR KW","PARENT 15 GTR KW",ENABLED,0.64,1701554691296,123129801626580,"2026-09-19 16:57:30"
SPONSORED_PRODUCTS,"PARENT 15 WF KW","PARENT 15 WF",ENABLED,0.31,75733861023782,176334880472597,"2026-09-19 16:57:30"
SPONSORED_PRODUCTS,"PARENT 06 CW PT","PARENT 6.5 WF PP PT",ENABLED,0.55,183107883528815,426302015144760,"2026-09-19 16:57:30"
SPONSORED_PRODUCTS,"PARENT 8 GTR PT","PARENT 8 GTR",ENABLED,0.49,27091918582252,51247794514639,"2026-09-19 16:57:30"
SPONSORED_PRODUCTS,"PARENT 8 GTR KW","PARENT 8 GTR KW",ENABLED,0.40,186925288882805,33680120628567,"2026-09-19 16:57:30"
SPONSORED_PRODUCTS,"PARENT ALLIGATOR KW","PARENT ALLIGATOR KW",ENABLED,0.38,92509485987699,56614953984964,"2026-09-19 16:57:30"
SPONSORED_PRODUCTS,"PARENT ALLIGATOR PT","PARENT ALLIGATOR PT AG",ENABLED,0.60,189491239257066,382448645055505,"2026-09-19 16:57:30"
SPONSORED_PRODUCTS,,"PARENT ALLIGATOR PT.",ENABLED,0.38,277441328792975,71663771569575,"2026-09-19 16:57:30"
SPONSORED_PRODUCTS,"PARENT ARM SET PT","PARENT ARM SET",ENABLED,0.77,484911937238027,451597065052176,"2026-09-19 16:57:30"
SPONSORED_PRODUCTS,,"PARENT C-CHARGER KW AG",ENABLED,0.60,83481126926433,63322911858880,"2026-09-19 16:57:30"
SPONSORED_PRODUCTS,"PARENT C-CHARGER PT","PARENT C-CHARGER PT AG",ENABLED,0.60,56598785245189,374757911491949,"2026-09-19 16:57:30"
SPONSORED_PRODUCTS,"PARENT CAPO PT","PARENT CAPO",ENABLED,0.47,473553156708071,535370426924033,"2026-09-19 16:57:30"
SPONSORED_PRODUCTS,"PARENT CAPO 4PK PT","PARENT CAPO 4PK",ENABLED,0.49,82216984173043,47295788246365,"2026-09-19 16:57:30"
SPONSORED_PRODUCTS,"PARENT CAPO 4PK KW","PARENT CAPO 4PK KW",ENABLED,0.40,145169371209561,220160335104051,"2026-09-19 16:57:30"
SPONSORED_PRODUCTS,"PARENT CAPO AL KW","PARENT CAPO AL KW",ENABLED,0.75,121903092257056,371504924910104,"2026-09-19 16:57:30"
SPONSORED_PRODUCTS,"PARENT CAPO AL PT","PARENT CAPO AL PT",ENABLED,0.75,233786383568705,335742283423373,"2026-09-19 16:57:30"
SPONSORED_PRODUCTS,"PARENT 04 CS PT","PARENT CAR SPEAKER PT",ENABLED,0.51,186289660433489,327744923954219,"2026-09-19 16:57:30"
SPONSORED_PRODUCTS,"PARENT CD 2Pcs PT","PARENT CD 2Pcs",ENABLED,0.33,193703275108216,172849155123088,"2026-09-19 16:57:30"
SPONSORED_PRODUCTS,"PARENT CD 2Pcs KW.","PARENT CD 2Pcs KW AG",ENABLED,0.60,20308069189560,163808722208854,"2026-09-19 16:57:30"
SPONSORED_PRODUCTS,,"PARENT CD 2PCS KW AG",ENABLED,0.60,268615763722087,246066853609992,"2026-09-19 16:57:30"
SPONSORED_PRODUCTS,"PARENT CL 2W KW","PARENT CL 2W KW AG",ENABLED,0.60,59573640092054,152775204492630,"2026-09-19 16:57:30"
SPONSORED_PRODUCTS,,"PARENT CL 2W PT.",ENABLED,0.28,54212121574861,85408503588070,"2026-09-19 16:57:30"
SPONSORED_PRODUCTS,"PARENT CLR MIC PT","PARENT CLR MIC PT AG",ENABLED,0.60,191082881250446,479721745874620,"2026-09-19 16:57:30"
SPONSORED_PRODUCTS,,"PARENT CLR MIC PT.",ENABLED,0.52,67135035728237,43425501713250,"2026-09-19 16:57:30"
SPONSORED_PRODUCTS,"PARENT CONDENSOR MIC KW","PARENT CONDENSOR MIC KW",ENABLED,0.76,25521107199064,61951278195318,"2026-09-19 16:57:30"
SPONSORED_PRODUCTS,"PARENT CONGO 3 KW","PARENT CONGO",ENABLED,0.51,156155479186999,455660547846315,"2026-09-19 16:57:30"
SPONSORED_PRODUCTS,"PARENT CONGO 2 KW","PARENT CONGO 2 KW",ENABLED,1.38,206008290041094,203809659211357,"2026-09-19 16:57:30"
SPONSORED_PRODUCTS,"PARENT CONGO 2 PT","PARENT CONGO 2 PT",ENABLED,1.38,32884073259435,163989208074664,"2026-09-19 16:57:30"
SPONSORED_PRODUCTS,"PARENT CONGO 3 PT","PARENT CONGO 3",ENABLED,0.51,117820103303427,313999087583981,"2026-09-19 16:57:30"
SPONSORED_PRODUCTS,"PARENT CS 69 PAIR KW","PARENT CS 69 PAIR KW",ENABLED,0.35,175026688140920,108070303622727,"2026-09-19 16:57:30"
SPONSORED_PRODUCTS,"PARENT CS 69 PAIR PT","PARENT CS 69 PAIR PT",ENABLED,0.28,159886451997366,26650325007942,"2026-09-19 16:57:30"
SPONSORED_PRODUCTS,"Parent Demo KW","Parent Demo KW",ENABLED,0.75,170485891887586,1536209101800,"2026-09-19 16:57:30"
SPONSORED_PRODUCTS,"PARENT DJ LGT Stand KW","PARENT DJ LGT Stand KW",ENABLED,0.56,430781854303593,516832577448030,"2026-09-19 16:57:30"
SPONSORED_PRODUCTS,"PARENT DJ LGT Stand KW.","PARENT DJ LGT Stand KW.",ENABLED,0.68,161157891434574,269184809400059,"2026-09-19 16:57:30"
SPONSORED_PRODUCTS,"PARENT DMS PT","PARENT DMS PT",ENABLED,0.73,406163444617077,504184395621915,"2026-09-19 16:57:30"
SPONSORED_PRODUCTS,"PARENT DP 1 KW","PARENT DP 1 KW",ENABLED,0.26,100661713376667,279953436185872,"2026-09-19 16:57:30"
SPONSORED_PRODUCTS,"PARENT DP 1 PT","PARENT DP 1 PT AG",ENABLED,0.60,145889079906604,327403983900397,"2026-09-19 16:57:30"
SPONSORED_PRODUCTS,,"PARENT DP 1 PT.",ENABLED,0.21,126317994221713,87716557705097,"2026-09-19 16:57:30"
SPONSORED_PRODUCTS,"PARENT DP 200 KW","PARENT DP 200 KW",ENABLED,0.26,109819294848413,139799347844608,"2026-09-19 16:57:30"
SPONSORED_PRODUCTS,"PARENT DP 200 PT","PARENT DP 200 PT AG",ENABLED,0.60,21007623147718,470717889597475,"2026-09-19 16:57:30"
SPONSORED_PRODUCTS,"PARENT DPAD KW","PARENT DPAD KW",ENABLED,0.67,434279510506646,401563274985447,"2026-09-19 16:57:30"
SPONSORED_PRODUCTS,"PARENT DPAD PT.","PARENT DPAD PT",ENABLED,0.47,276107581986667,311575928320878,"2026-09-19 16:57:30"
SPONSORED_PRODUCTS,"PARENT Drum Foot Pedal PT","PARENT Drum Foot Pedal",ENABLED,0.82,94947373364092,115066235853598,"2026-09-19 16:57:30"
SPONSORED_PRODUCTS,"PARENT Drum Foot Pedal KW","PARENT Drum Foot Pedal",ENABLED,0.82,58581499680788,181592901008558,"2026-09-19 16:57:30"
SPONSORED_PRODUCTS,"PARENT DRUM MIC E7 KW","PARENT DRUM MIC E7",ENABLED,0.51,59605943283114,449958362097068,"2026-09-19 16:57:30"
SPONSORED_PRODUCTS,"PARENT DRUM MIC E7 PT","PARENT DRUM MIC E7 PT",ENABLED,0.51,62148927304287,474556373880384,"2026-09-19 16:57:30"
SPONSORED_PRODUCTS,"PARENT DRUM MIC E9 KW","PARENT DRUM MIC E9",ENABLED,0.51,224229322846754,419351826219166,"2026-09-19 16:57:30"
SPONSORED_PRODUCTS,"PARENT DRUM MIC E9 PT","PARENT DRUM MIC E9 PT",ENABLED,0.75,547978521079634,509773904566482,"2026-09-19 16:57:30"
SPONSORED_PRODUCTS,"PARENT DRUM MIC RND 7 KW","PARENT DRUM MIC RND 7 KW",ENABLED,2.87,7266149653284,114466564431276,"2026-09-19 16:57:30"
SPONSORED_PRODUCTS,"PARENT DRUM MIC RND 9 KW","PARENT DRUM MIC RND 9 KW",ENABLED,2.87,177536311092999,5580750540702,"2026-09-19 16:57:30"
SPONSORED_PRODUCTS,"PARENT DS 01 KW","PARENT DS 01 KW",ENABLED,0.51,141026532364958,497061771855893,"2026-09-19 16:57:30"
SPONSORED_PRODUCTS,"PARENT DS 01 PT.","PARENT DS 01 PT",ENABLED,0.51,133069505872858,562246926179867,"2026-09-19 16:57:30"
SPONSORED_PRODUCTS,"PARENT DS BLKCH KW","PARENT DS BLKCH",ENABLED,1.00,403507332139193,446014014730095,"2026-09-19 16:57:30"
SPONSORED_PRODUCTS,"PARENT DS BLKCH PT","PARENT DS BLKCH PT",ENABLED,1.00,412214340281670,497465511225953,"2026-09-19 16:57:30"
SPONSORED_PRODUCTS,"PARENT DS CH KW","PARENT DS CH",ENABLED,1.00,312942322446245,495027894673381,"2026-09-19 16:57:30"
SPONSORED_PRODUCTS,"PARENT DS CH PT","PARENT DS CH",ENABLED,1.00,409504955082498,540004819595700,"2026-09-19 16:57:30"
SPONSORED_PRODUCTS,"PARENT DS CH COMBO PT","PARENT DS CH COMBO",ENABLED,0.94,259411973984024,49000270838684,"2026-09-19 16:57:30"
SPONSORED_PRODUCTS,"PARENT DS CH COMBO KW","PARENT DS CH COMBO KW",ENABLED,1.20,155462444577212,230605781652980,"2026-09-19 16:57:30"
SPONSORED_PRODUCTS,"PARENT DS CH REST LVR KW","PARENT DS CH REST LVR",ENABLED,1.17,479502334519253,367746498415416,"2026-09-19 16:57:30"
SPONSORED_PRODUCTS,"PARENT DS CH REST LVR PT","PARENT DS CH REST LVR",ENABLED,1.17,401834727832361,527568442224058,"2026-09-19 16:57:30"
SPONSORED_PRODUCTS,"PARENT DS GT PT","PARENT DS GT PT",ENABLED,1.21,510973305366677,560014985169528,"2026-09-19 16:57:30"
SPONSORED_PRODUCTS,"PARENT DS PR KW","PARENT DS PR KW",ENABLED,0.94,523359833406451,353333871524765,"2026-09-19 16:57:30"
SPONSORED_PRODUCTS,"PARENT DS REST LVR KW","PARENT DS REST LVR KW",ENABLED,1.14,545485914025834,533198495382887,"2026-09-19 16:57:30"
SPONSORED_PRODUCTS,"PARENT DS VEL REST LVR KW","PARENT DS VEL REST LVR",ENABLED,0.51,173012704114951,394579616307088,"2026-09-19 16:57:30"
SPONSORED_PRODUCTS,"PARENT DS VEL REST LVR PT","PARENT DS VEL REST LVR PT",ENABLED,0.51,259796275072454,368223021468041,"2026-09-19 16:57:30"
SPONSORED_PRODUCTS,"PARENT DT AH PT","PARENT DT AH",ENABLED,1.40,163011680002115,41020345784047,"2026-09-19 16:57:30"
SPONSORED_PRODUCTS,"PARENT DT AH KW","PARENT DT AH KW",ENABLED,1.48,88066426956326,91145644245922,"2026-09-19 16:57:30"
SPONSORED_PRODUCTS,"PARENT DT WIDE PT","PARENT DT WIDE",ENABLED,1.41,15281743098614,172601509131462,"2026-09-19 16:57:30"
SPONSORED_PRODUCTS,"PARENT DT WIDE KW","PARENT DT WIDE KW",ENABLED,2.08,215983884035155,181308786376807,"2026-09-19 16:57:30"
SPONSORED_PRODUCTS,,"PARENT ET KW AG",ENABLED,0.60,57381028207900,197765536829345,"2026-09-19 16:57:30"
SPONSORED_PRODUCTS,,"PARENT ET PT AG",ENABLED,0.60,31994958747591,335410681767054,"2026-09-19 16:57:30"
SPONSORED_PRODUCTS,"FOG 1200 PT","PARENT FOG",ENABLED,0.75,454016598173003,482429423629978,"2026-09-19 16:57:30"
SPONSORED_PRODUCTS,"PARENT G AMP KW","PARENT G AMP KW",ENABLED,0.36,421498995191390,488661134795397,"2026-09-19 16:57:30"
SPONSORED_PRODUCTS,"PARENT G PICK KW","PARENT G PICK KW",ENABLED,0.35,165334072841829,214400778300827,"2026-09-19 16:57:30"
SPONSORED_PRODUCTS,"PARENT G PICK PT","PARENT G PICK PT AG",ENABLED,0.60,46670506856875,306134555465182,"2026-09-19 16:57:30"
SPONSORED_PRODUCTS,,"PARENT G PICK PT.",ENABLED,0.32,7179611227152,145884811375141,"2026-09-19 16:57:30"
SPONSORED_PRODUCTS,"PARENT GFF TP PT","PARENT GFF TP PT AG",ENABLED,0.60,43804804126946,300306526278011,"2026-09-19 16:57:30"
SPONSORED_PRODUCTS,,"PARENT GFF TP PT.",ENABLED,0.92,204739979058067,72712161623232,"2026-09-19 16:57:30"
SPONSORED_PRODUCTS,"PARENT GRACK OVAL PT","PARENT GRACK OVAL",ENABLED,0.53,212918689026405,97451693662198,"2026-09-19 16:57:30"
SPONSORED_PRODUCTS,"PARENT GRACK OVAL KW","PARENT GRACK OVAL KW",ENABLED,0.62,250413619861427,249331885938299,"2026-09-19 16:57:30"
SPONSORED_PRODUCTS,"PARENT GRDN SPK MC 2PCS KW","PARENT GRDN SPK MC 2PCS",ENABLED,0.54,190257588946475,12905570449189,"2026-09-19 16:57:30"
SPONSORED_PRODUCTS,,"PARENT GS EL POWER KW AG",ENABLED,0.60,96584664328552,86751243433596,"2026-09-19 16:57:30"
SPONSORED_PRODUCTS,"PARENT GSH KW","PARENT GSH KW",ENABLED,0.52,382533340279574,523097012546849,"2026-09-19 16:57:30"
SPONSORED_PRODUCTS,"PARENT GSS 2PCS KW","PARENT GSS 2PCS KW",ENABLED,0.63,416735148992800,506762964012437,"2026-09-19 16:57:30"
SPONSORED_PRODUCTS,"PARENT GSS AL PT.","PARENT GSS AL",ENABLED,0.59,199396719890378,119715799749641,"2026-09-19 16:57:30"
SPONSORED_PRODUCTS,"Parent GSS AL KW","Parent GSS AL KW",ENABLED,0.42,225557902553332,253829461835320,"2026-09-19 16:57:30"
SPONSORED_PRODUCTS,"PARENT GSS UKU KW","PARENT GSS UKU KW",ENABLED,0.74,20659554885191,281467162018277,"2026-09-19 16:57:30"
SPONSORED_PRODUCTS,"PARENT GSS UKU PT","PARENT GSS UKU PT AG",ENABLED,0.60,64884242926124,405098444238704,"2026-09-19 16:57:30"
SPONSORED_PRODUCTS,"PARENT GSTOOL L PT","PARENT GSTOOL L PT",ENABLED,0.75,467103165657940,551538389825128,"2026-09-19 16:57:30"
SPONSORED_PRODUCTS,"PARENT GSTOOL OVAL REST PT","PARENT GSTOOL OVAL REST",ENABLED,0.64,219194615972148,484690222917678,"2026-09-19 16:57:30"
SPONSORED_PRODUCTS,"PARENT GSTOOL OVAL REST KW","PARENT GSTOOL OVAL REST KW",ENABLED,0.65,52022744885108,406218785020118,"2026-09-19 16:57:30"
SPONSORED_PRODUCTS,"PARENT GSTOOL RND REST PT","PARENT GSTOOL RND REST",ENABLED,0.18,99123047342230,99687785475020,"2026-09-19 16:57:30"
SPONSORED_PRODUCTS,"PARENT GSTOOL RND REST KW","PARENT GSTOOL RND REST KW",ENABLED,0.75,551724418538556,509418396921886,"2026-09-19 16:57:30"
SPONSORED_PRODUCTS,"PARENT Guitar Amp Stand KW","PARENT Guitar Amp Stand KW",ENABLED,0.24,556022843080173,511799203565784,"2026-09-19 16:57:30"
SPONSORED_PRODUCTS,"PARENT GUITAR STRING PT","PARENT GUITAR STRING",ENABLED,0.98,129629351114618,26899822826305,"2026-09-19 16:57:30"
SPONSORED_PRODUCTS,,"PARENT GUITAR STRING KW 2 AG",ENABLED,0.60,3200848091809,99754055097729,"2026-09-19 16:57:30"
SPONSORED_PRODUCTS,,"PARENT HISE KW AG",ENABLED,0.60,24875218287492,128328259636652,"2026-09-19 16:57:30"
SPONSORED_PRODUCTS,"PARENT HISE PT","PARENT HISE PT AG",ENABLED,0.60,63290729497210,443230278074802,"2026-09-19 16:57:30"
SPONSORED_PRODUCTS,,"PARENT HISE PT.",ENABLED,0.21,38829623410846,56253812996734,"2026-09-19 16:57:30"
SPONSORED_PRODUCTS,"PARENT HOME DJ 2PCS PT","PARENT HOME DJ 2PCS",ENABLED,0.55,146790909778368,188272274298924,"2026-09-19 16:57:30"
SPONSORED_PRODUCTS,"PARENT HORN /DU KW","PARENT HORN /DU KW AG",ENABLED,0.60,216504035232418,175185096709518,"2026-09-19 16:57:30"
SPONSORED_PRODUCTS,"PARENT HORN /DU PT","PARENT HORN /DU PT AG",ENABLED,0.60,24301465895265,340197891238441,"2026-09-19 16:57:30"
SPONSORED_PRODUCTS,"PARENT HORN 405 2PCS KW","PARENT HORN 405 2PCS",ENABLED,0.75,196015464725315,72103009811377,"2026-09-19 16:57:30"
SPONSORED_PRODUCTS,"PARENT HORN 405 4PCS KW","PARENT HORN 405 4PCS KW",ENABLED,0.75,223906127618989,134008516044467,"2026-09-19 16:57:30"
SPONSORED_PRODUCTS,"PARENT HORN 405 4PCS PT","PARENT HORN 405 4PCS PT",ENABLED,0.75,158959327929435,121425004333888,"2026-09-19 16:57:30"
SPONSORED_PRODUCTS,"PARENT HORN 405 8PCS KW","PARENT HORN 405 8PCS KW AG",ENABLED,0.60,231816986122219,114248302923964,"2026-09-19 16:57:30"
SPONSORED_PRODUCTS,"PARENT HORN 405 8PCS PT","PARENT HORN 405 8PCS PT AG",ENABLED,0.60,56388317242589,314339811018093,"2026-09-19 16:57:30"
SPONSORED_PRODUCTS,"PARENT HORN 508 2PCS KW","PARENT HORN 508 2PCS KW",ENABLED,0.87,19485357666513,211267178980322,"2026-09-19 16:57:30"
SPONSORED_PRODUCTS,"PARENT HORN 508 2PCS PT","PARENT HORN 508 2PCS PT AG",ENABLED,0.60,137693544953515,491582290091391,"2026-09-19 16:57:30"
SPONSORED_PRODUCTS,,"PARENT HORN 508 2PCS PT.",ENABLED,0.39,221253687271802,11914297892800,"2026-09-19 16:57:30"
SPONSORED_PRODUCTS,"PARENT HORN 508 4PCS KW","PARENT HORN 508 4PCS KW",ENABLED,0.87,96513763712811,148178276004858,"2026-09-19 16:57:30"
SPONSORED_PRODUCTS,"PARENT HORN 508 4PCS PT","PARENT HORN 508 4PCS PT AG",ENABLED,0.60,71830702458282,516671087254407,"2026-09-19 16:57:30"
SPONSORED_PRODUCTS,,"PARENT HORN 508 4PCS PT.",ENABLED,0.43,191999435446570,147891078348924,"2026-09-19 16:57:30"
SPONSORED_PRODUCTS,"PARENT HORN 508 8PCS KW","PARENT HORN 508 8PCS KW",ENABLED,0.46,100959558630630,233976578010752,"2026-09-19 16:57:30"
SPONSORED_PRODUCTS,"PARENT HORN 508 8PCS PT","PARENT HORN 508 8PCS PT AG",ENABLED,0.60,172451006695661,555184848980510,"2026-09-19 16:57:30"
SPONSORED_PRODUCTS,,"PARENT HORN 508 8PCS PT.",ENABLED,0.43,32821821442062,152877347824269,"2026-09-19 16:57:30"
SPONSORED_PRODUCTS,"PARENT HORN 508 KW","PARENT HORN 508 KW",ENABLED,1.17,445450263041545,503100543367004,"2026-09-19 16:57:30"
SPONSORED_PRODUCTS,"PARENT HORN 508 PT","PARENT HORN 508 PT",ENABLED,1.17,332260142721060,429084753140314,"2026-09-19 16:57:30"
SPONSORED_PRODUCTS,"PARENT HORN","PARENT HORN AG",ENABLED,0.50,146541043832731,459352460504966,"2026-09-19 16:57:30"
SPONSORED_PRODUCTS,"PARENT HORN KW","PARENT HORN KW AG",ENABLED,0.60,134717383008723,50559287303143,"2026-09-19 16:57:30"
SPONSORED_PRODUCTS,"PARENT HORN PT","PARENT HORN PT AG",ENABLED,0.60,211992843451470,428611240077753,"2026-09-19 16:57:30"
SPONSORED_PRODUCTS,,"PARENT HORN PT.",ENABLED,0.61,151207141483866,19129914947832,"2026-09-19 16:57:30"
SPONSORED_PRODUCTS,"PARENT INSTRU MIC PT","PARENT INSTRU MIC PT",ENABLED,0.84,308555121489420,353420276121475,"2026-09-19 16:57:30"
SPONSORED_PRODUCTS,"PARENT KB 1X COMBO KW","PARENT KB 1X COMBO KW",ENABLED,1.06,531057105575712,558703892941653,"2026-09-19 16:57:30"
SPONSORED_PRODUCTS,"PARENT KBB SLIM KW","PARENT KBB SLIM KW",ENABLED,0.88,366808853501464,320569560452694,"2026-09-19 16:57:30"
SPONSORED_PRODUCTS,"PARENT KS 1X KW","PARENT KS 1X KW",ENABLED,0.75,387287065762179,348064974112151,"2026-09-19 16:57:30"
SPONSORED_PRODUCTS,"PARENT KS 1X PT","PARENT KS 1X PT",ENABLED,0.62,342655971462139,509811013088753,"2026-09-19 16:57:30"
SPONSORED_PRODUCTS,"PARENT KS 2T KW","PARENT KS 2T KW",ENABLED,0.62,532880077925569,326345883032526,"2026-09-19 16:57:30"
SPONSORED_PRODUCTS,"PARENT KS 2X KW","PARENT KS 2X",ENABLED,0.51,72409281678427,526423286219568,"2026-09-19 16:57:30"
SPONSORED_PRODUCTS,"PARENT KS 2X PT.","PARENT KS 2X PT",ENABLED,0.51,124033146182802,313148293116734,"2026-09-19 16:57:30"
SPONSORED_PRODUCTS,"PARENT KS PRO KW","PARENT KS PRO",ENABLED,0.74,260375943462201,118465728396908,"2026-09-19 16:57:30"
SPONSORED_PRODUCTS,"PARENT KS PRO PT","PARENT KS PRO PT",ENABLED,0.75,19287003218439,357029539576914,"2026-09-19 16:57:30"
SPONSORED_PRODUCTS,"PARENT KS Z1 ECO PT","PARENT KS Z1 ECO PT",ENABLED,0.63,302102963844857,358249564879140,"2026-09-19 16:57:30"
SPONSORED_PRODUCTS,"PARENT KS Z1 KW","PARENT KS Z1 KW",ENABLED,0.96,364678060193422,454639312967742,"2026-09-19 16:57:30"
SPONSORED_PRODUCTS,"PARENT KS Z1 WHL PT","PARENT KS Z1 WHL PT",ENABLED,0.68,491389328501761,324756194313659,"2026-09-19 16:57:30"
SPONSORED_PRODUCTS,"PARENT LS CRANK KW","PARENT LS CRANK KW AG",ENABLED,0.60,185069598933614,274157196231633,"2026-09-19 16:57:30"
SPONSORED_PRODUCTS,"PARENT M-CHARGER KW","PARENT M-CHARGER KW",ENABLED,1.00,81577928332221,110334463255322,"2026-09-19 16:57:30"
SPONSORED_PRODUCTS,"PARENT M-CHARGER PT","PARENT M-CHARGER PT AG",ENABLED,0.60,277779882884995,343696348521648,"2026-09-19 16:57:30"
SPONSORED_PRODUCTS,,"PARENT M-HOLDER KW AG",ENABLED,0.60,120026684451261,64353022110130,"2026-09-19 16:57:30"
SPONSORED_PRODUCTS,"PARENT M-HOLDER PT","PARENT M-HOLDER PT AG",ENABLED,0.60,168670427346903,483385735565367,"2026-09-19 16:57:30"
SPONSORED_PRODUCTS,"PARENT MEGA 66SF KW","PARENT MEGA 66SF KW",ENABLED,0.58,91625185388565,142017158363507,"2026-09-19 16:57:30"
SPONSORED_PRODUCTS,,"PARENT MEGA 66SF PT.",ENABLED,0.54,40275216499859,41400192079457,"2026-09-19 16:57:30"
SPONSORED_PRODUCTS,"PARENT MEGA 77SF KW","PARENT MEGA 77SF KW",ENABLED,0.68,275076594916548,76515866744081,"2026-09-19 16:57:30"
SPONSORED_PRODUCTS,"PARENT MEGA 77SF PT","PARENT MEGA 77SF PT AG",ENABLED,0.60,209253766757252,411322822620002,"2026-09-19 16:57:30"
SPONSORED_PRODUCTS,"PARENT MEGA KIDS KW","PARENT MEGA KIDS KW",ENABLED,0.35,140585428917282,237006827535010,"2026-09-19 16:57:30"
SPONSORED_PRODUCTS,"PARENT MEGA PRO KW","PARENT MEGA PRO KW",ENABLED,0.88,34044554493997,4909130902662,"2026-09-19 16:57:30"
SPONSORED_PRODUCTS,"PARENT MEGA PRO PT","PARENT MEGA PRO PT",ENABLED,0.88,410879194610093,515748135952419,"2026-09-19 16:57:30"
SPONSORED_PRODUCTS,"PARENT MEGA SMALL KW","PARENT MEGA SMALL KW",ENABLED,0.29,363852151171094,326629667590607,"2026-09-19 16:57:30"
SPONSORED_PRODUCTS,"PARENT MEGA SMALL PT","PARENT MEGA SMALL PT",ENABLED,0.29,431205306142483,296655951593779,"2026-09-19 16:57:30"
SPONSORED_PRODUCTS,"PARENT MEGA WP KW","PARENT MEGA WP KW AG",ENABLED,0.60,57622558126952,134467887142431,"2026-09-19 16:57:30"
SPONSORED_PRODUCTS,"PARENT MEGA WP PT","PARENT MEGA WP PT AG",ENABLED,0.60,242616737294971,351246586115086,"2026-09-19 16:57:30"
SPONSORED_PRODUCTS,,"PARENT MEGA WP PT.",ENABLED,0.89,15566723629052,208253147424860,"2026-09-19 16:57:30"
SPONSORED_PRODUCTS,"PARENT MEGAPHONE KW","PARENT MEGAPHONE KW AG",ENABLED,0.60,217583736272591,78803047095340,"2026-09-19 16:57:30"
SPONSORED_PRODUCTS,"PARENT MEGAPHONE PT","PARENT MEGAPHONE PT AG",ENABLED,0.60,155599670793257,416564761691084,"2026-09-19 16:57:30"
SPONSORED_PRODUCTS,,"PARENT MIC ADP KW AG",ENABLED,0.60,207117660128893,172387431958115,"2026-09-19 16:57:30"
SPONSORED_PRODUCTS,,"PARENT MIC ADP PT.",ENABLED,0.46,149984514296159,280569169127210,"2026-09-19 16:57:30"
SPONSORED_PRODUCTS,"PARENT MIC CLIP 2PCS KW","PARENT MIC CLIP 2PCS KW",ENABLED,0.75,147979242747892,73822029464499,"2026-09-19 16:57:30"
SPONSORED_PRODUCTS,"PARENT MIC CLIP 2PCS PT","PARENT MIC CLIP 2PCS PT AG",ENABLED,0.60,62288349560002,511424599988713,"2026-09-19 16:57:30"
SPONSORED_PRODUCTS,,"PARENT MIC CLIP 2PCS PT.",ENABLED,0.32,138911065813180,37301570543727,"2026-09-19 16:57:30"
SPONSORED_PRODUCTS,"PARENT MIC CLIP 6PCS PT","PARENT MIC CLIP 6PCS FBA",ENABLED,0.45,386956991081871,308219722659602,"2026-09-19 16:57:30"
SPONSORED_PRODUCTS,"Parent MIC CLIP 6PCS KW","Parent MIC CLIP 6PCS KW",ENABLED,0.64,236105835138165,101531295091553,"2026-09-19 16:57:30"
SPONSORED_PRODUCTS,,"PARENT MIC CLIP 6PCS PT.",ENABLED,0.32,206208713888891,72022523533809,"2026-09-19 16:57:30"
SPONSORED_PRODUCTS,"PARENT MIC COPPER KW","PARENT MIC COPPER KW",ENABLED,0.95,481448377905348,532865009099811,"2026-09-19 16:57:30"
SPONSORED_PRODUCTS,"PARENT MP KW","PARENT MP KW",ENABLED,0.31,265569119266787,74374564333725,"2026-09-19 16:57:30"
SPONSORED_PRODUCTS,"PARENT MR 6.5 2PCS KW","PARENT MR 6.5 2PCS KW",ENABLED,0.91,180833401910804,99258586018653,"2026-09-19 16:57:30"
SPONSORED_PRODUCTS,"PARENT MR 6.5 KW","PARENT MR 6.5 KW",ENABLED,0.91,242881616585732,229497952609874,"2026-09-19 16:57:30"
SPONSORED_PRODUCTS,"PARENT MR 6.5 PT","PARENT MR 6.5 PT AG",ENABLED,0.60,256347812029139,358405898476622,"2026-09-19 16:57:30"
SPONSORED_PRODUCTS,"PARENT MR 8 2PCS PT","PARENT MR 8 2PCS",ENABLED,0.64,102274226283662,192410764620204,"2026-09-19 16:57:30"
SPONSORED_PRODUCTS,"PARENT MR 8 2PCS KW","PARENT MR 8 2PCS KW",ENABLED,0.64,10803147864370,78806339579282,"2026-09-19 16:57:30"
SPONSORED_PRODUCTS,"PARENT MR COMBO 2Pair KW","PARENT MR COMBO 2Pair KW AG",ENABLED,0.60,42531186597351,55282725765246,"2026-09-19 16:57:30"
SPONSORED_PRODUCTS,"PARENT MR COMBO KW","PARENT MR COMBO KW AG",ENABLED,0.60,275278956419376,253860840411295,"2026-09-19 16:57:30"
SPONSORED_PRODUCTS,"PARENT MR COMBO PT","PARENT MR COMBO PT",ENABLED,0.33,20219214966389,491042346106718,"2026-09-19 16:57:30"
SPONSORED_PRODUCTS,"PARENT MS 080 1Pk KW","PARENT MS 080 1Pk KW",ENABLED,0.51,10435600202749,522281109635132,"2026-09-19 16:57:30"
SPONSORED_PRODUCTS,"PARENT MS 080 1Pk PT.","PARENT MS 080 1Pk PT",ENABLED,0.51,183275431748330,458060218840017,"2026-09-19 16:57:30"
SPONSORED_PRODUCTS,"PARENT MS 080 2PK KW","PARENT MS 080 2PK",ENABLED,0.51,144998120281570,518990069395237,"2026-09-19 16:57:30"
SPONSORED_PRODUCTS,"PARENT MS 080 2PK PT.","PARENT MS 080 2PK PT",ENABLED,0.51,114140281347141,331931685350198,"2026-09-19 16:57:30"
SPONSORED_PRODUCTS,"PARENT MS 080 4PK KW","PARENT MS 080 4PK KW",ENABLED,0.51,161683535008437,451475746759630,"2026-09-19 16:57:30"
SPONSORED_PRODUCTS,"PARENT MS 080 4PK PT","PARENT MS 080 4PK PT",ENABLED,0.51,8085804693341,387130672814537,"2026-09-19 16:57:30"
SPONSORED_PRODUCTS,"PARENT MS DBL 2Pk PT.","PARENT MS DBL 2Pk",ENABLED,0.53,78220591033780,388682891226681,"2026-09-19 16:57:30"
SPONSORED_PRODUCTS,"PARENT MS DBL 4Pk KW","PARENT MS DBL 4Pk KW",ENABLED,0.65,338640360570428,483157265264057,"2026-09-19 16:57:30"
SPONSORED_PRODUCTS,"PARENT MS RBL 2PCS PT","PARENT MS RBL 2PCS",ENABLED,0.63,29688374722606,73960356616206,"2026-09-19 16:57:30"
SPONSORED_PRODUCTS,"PARENT MS RBL 2PCS KW","PARENT MS RBL 2PCS KW",ENABLED,0.88,42313916599418,33296954667370,"2026-09-19 16:57:30"
SPONSORED_PRODUCTS,"PARENT MS RBP 2PCS PT","PARENT MS RBP 2PCS",ENABLED,0.54,119085582982586,7344990272872,"2026-09-19 16:57:30"
SPONSORED_PRODUCTS,"PARENT MS RBP KW","PARENT MS RBP KW",ENABLED,0.75,301476181030643,373793978424633,"2026-09-19 16:57:30"
SPONSORED_PRODUCTS,"PARENT MS SHORT KW","PARENT MS SHORT KW AG",ENABLED,0.60,197627322428229,23301275594647,"2026-09-19 16:57:30"
SPONSORED_PRODUCTS,"PARENT MS SHORT PT","PARENT MS SHORT PT AG",ENABLED,0.60,189831208400003,326644129351337,"2026-09-19 16:57:30"
SPONSORED_PRODUCTS,"PARENT MSSB KW","PARENT MSSB KW",ENABLED,0.73,549346315390334,383942337548434,"2026-09-19 16:57:30"
SPONSORED_PRODUCTS,"PARENT MUS 4S WLGT PT.","PARENT MUS 4S WLGT",ENABLED,0.33,211774256157181,119144672909407,"2026-09-19 16:57:30"
SPONSORED_PRODUCTS,"PARENT MUS 4S WLGT KW","PARENT MUS 4S WLGT KW",ENABLED,0.49,98389670863493,174268997780117,"2026-09-19 16:57:30"
SPONSORED_PRODUCTS,"PARENT MUS 4S PT","Parent MUS FLD 4S",ENABLED,0.80,294002842355013,559011408107053,"2026-09-19 16:57:30"
SPONSORED_PRODUCTS,"PARENT MUS FLD HD ACC KW","PARENT MUS FLD HD ACC KW",ENABLED,0.82,343121302887871,373668728768383,"2026-09-19 16:57:30"
SPONSORED_PRODUCTS,"PARENT MUS FLD KW","PARENT MUS FLD KW",ENABLED,0.35,488842650710999,354486684250858,"2026-09-19 16:57:30"
SPONSORED_PRODUCTS,,"PARENT MUSIC CLIP KW AG",ENABLED,0.60,182001344194645,230901793223274,"2026-09-19 16:57:30"
SPONSORED_PRODUCTS,"PARENT MUSIC CLIP PT","PARENT MUSIC CLIP PT AG",ENABLED,0.60,53857588295685,481987686217359,"2026-09-19 16:57:30"
SPONSORED_PRODUCTS,"PARENT MX 4CH 2MIC pt","PARENT MX 4CH 2MIC",ENABLED,0.52,84805071194457,183549276260577,"2026-09-19 16:57:30"
SPONSORED_PRODUCTS,"PARENT MX 4CH 2MIC KW","PARENT MX 4CH 2MIC KW AG",ENABLED,0.60,247855688651826,110068765731361,"2026-09-19 16:57:30"
SPONSORED_PRODUCTS,"PARENT MX-L PT","PARENT MX-L PT",ENABLED,0.86,499712054466691,553716166025632,"2026-09-19 16:57:30"
SPONSORED_PRODUCTS,"PARENT ND MIC KW","PARENT ND MIC KW",ENABLED,0.81,452299982091086,311164081551945,"2026-09-19 16:57:30"
SPONSORED_PRODUCTS,,"PARENT NW 2PCS KW AG",ENABLED,0.60,112578077571689,220690799354866,"2026-09-19 16:57:30"
SPONSORED_PRODUCTS,"PARENT NW 2PCS PT","PARENT NW 2PCS PT AG",ENABLED,0.60,162965657752186,464008844466350,"2026-09-19 16:57:30"
SPONSORED_PRODUCTS,,"PARENT NW KW AG",ENABLED,0.60,253378872534594,43741168927259,"2026-09-19 16:57:30"
SPONSORED_PRODUCTS,"PARENT NW PT","PARENT NW PT AG",ENABLED,0.60,257842680212041,454466300921749,"2026-09-19 16:57:30"
SPONSORED_PRODUCTS,"PARENT P-CORD PT.","PARENT P-CORD",ENABLED,0.73,126368247737779,120692039603112,"2026-09-19 16:57:30"
SPONSORED_PRODUCTS,,"PARENT P-CORD KW AG",ENABLED,0.50,134279136849370,65036497534419,"2026-09-19 16:57:30"
SPONSORED_PRODUCTS,"PARENT SUH PA HORN KW","PARENT PA HORN SUH KW",ENABLED,0.42,29245286365884,339014535108070,"2026-09-19 16:57:30"
SPONSORED_PRODUCTS,"PARENT PLASTIC MIC PT.","PARENT PLASTIC MIC",ENABLED,0.85,267355588058038,82585759693726,"2026-09-19 16:57:30"
SPONSORED_PRODUCTS,"PARENT PLASTIC MIC KW","PARENT PLASTIC MIC KW",ENABLED,2.98,433563874333702,533785594197829,"2026-09-19 16:57:30"
SPONSORED_PRODUCTS,"PARENT PNB B-REST KW","PARENT PNB B-REST KW",ENABLED,0.78,493932435448917,538093071656527,"2026-09-19 16:57:30"
SPONSORED_PRODUCTS,"PARENT PNB WD KW","PARENT PNB WD KW",ENABLED,0.78,331427770060760,393422585331341,"2026-09-19 16:57:30"
SPONSORED_PRODUCTS,"PARENT PROJECTOR STAND KW","PARENT PROJECTOR STAND KW",ENABLED,0.59,114744035829521,107628198196352,"2026-09-19 16:57:30"
SPONSORED_PRODUCTS,"PARENT PS FLR PT","PARENT PS FLR",ENABLED,0.60,278143877720882,88388706235956,"2026-09-19 16:57:30"
SPONSORED_PRODUCTS,"PARENT PS FLR KW","PARENT PS FLR KW",ENABLED,0.35,212688978479284,186483204369052,"2026-09-19 16:57:30"
SPONSORED_PRODUCTS,"PARENT PS WHLS PT","PARENT PS WHLS PT",ENABLED,0.75,369278205267920,345353473651200,"2026-09-19 16:57:30"
SPONSORED_PRODUCTS,"PARENT Retro Mic PT","PARENT Retro Mic",ENABLED,0.99,148061261597448,409085899262450,"2026-09-19 16:57:30"
SPONSORED_PRODUCTS,"PARENT Retro Mic KW","PARENT Retro Mic KW",ENABLED,0.94,14991888737909,42286143747469,"2026-09-19 16:57:30"
SPONSORED_PRODUCTS,"PARENT SDS KW","PARENT SDS KW AG",ENABLED,0.60,273103428562384,95589261800184,"2026-09-19 16:57:30"
SPONSORED_PRODUCTS,"PARENT SDS PT","PARENT SDS PT",ENABLED,0.75,43310052011431,341409971589165,"2026-09-19 16:57:30"
SPONSORED_PRODUCTS,"PARENT SNARE PT.","PARENT SNARE",ENABLED,0.88,41504194280958,176051540015195,"2026-09-19 16:57:30"
SPONSORED_PRODUCTS,"PARENT SNARE KW","PARENT SNARE KW",ENABLED,0.96,126187358307158,240355292023606,"2026-09-19 16:57:30"
SPONSORED_PRODUCTS,,"PARENT SPEAKON 2PCS KW AG",ENABLED,0.60,68621576821516,87440572920005,"2026-09-19 16:57:30"
SPONSORED_PRODUCTS,"PARENT SPEAKON 2PCS PT","PARENT SPEAKON 2PCS PT AG",ENABLED,0.60,155780443509850,360906636259935,"2026-09-19 16:57:30"
SPONSORED_PRODUCTS,"PARENT SPEAKON 4PCS PT","PARENT SPEAKON 4PCS",ENABLED,0.56,56182265182752,80803980526804,"2026-09-19 16:57:30"
SPONSORED_PRODUCTS,"PARENT SPEAKON 4PCS KW","PARENT SPEAKON 4PCS KW",ENABLED,0.55,47860660464049,97143905993624,"2026-09-19 16:57:30"
SPONSORED_PRODUCTS,"PARENT SPEAKON ADP 2PCS PT","PARENT SPEAKON ADP 2PCS",ENABLED,0.52,113116312642113,143570463295060,"2026-09-19 16:57:30"
SPONSORED_PRODUCTS,"PARENT SPEAKON ADP 2PCS KW","PARENT SPEAKON ADP 2PCS KW",ENABLED,0.53,234027428211620,243924892622819,"2026-09-19 16:57:30"
SPONSORED_PRODUCTS,"PARENT SPEAKON ADP 6PCS PT","PARENT SPEAKON ADP 6PCS FBA",ENABLED,0.50,338591992390703,412579419276981,"2026-09-19 16:57:30"
SPONSORED_PRODUCTS,"PARENT SPEAKON ADP 6PCS KW","PARENT SPEAKON ADP 6PCS KW",ENABLED,0.53,11438351102642,165729220184459,"2026-09-19 16:57:30"
SPONSORED_PRODUCTS,"PARENT SPONGE KW","PARENT SPONGE KW",ENABLED,0.33,79312490139997,234143635020822,"2026-09-19 16:57:30"
SPONSORED_PRODUCTS,"PARENT SPONGE PT","PARENT SPONGE PT AG",ENABLED,0.60,181672801208852,399029686410547,"2026-09-19 16:57:30"
SPONSORED_PRODUCTS,"PARENT SS ECO 4Pk WoB PT","PARENT SS ECO 4Pk WoB",ENABLED,0.58,191818700653105,243495202358490,"2026-09-19 16:57:30"
SPONSORED_PRODUCTS,"PARENT SS ECO 4Pk WoB KW","PARENT SS ECO 4Pk WoB KW",ENABLED,0.59,219451222123748,234970161497357,"2026-09-19 16:57:30"
SPONSORED_PRODUCTS,"PARENT SS HD 1 PK 5 FT PT","PARENT SS HD 1 PK 5 FT",ENABLED,0.58,95053017948955,258118740523713,"2026-09-19 16:57:30"
SPONSORED_PRODUCTS,"PARENT SS HD 1 PK 5 FT KW","PARENT SS HD 1 PK 5 FT KW",ENABLED,0.32,179105030111096,67254161141091,"2026-09-19 16:57:30"
SPONSORED_PRODUCTS,"PARENT SS HD 1PK 4FT KW.","PARENT SS HD 1PK 4FT KW",ENABLED,0.48,247942220895146,587939017028,"2026-09-19 16:57:30"
SPONSORED_PRODUCTS,"PARENT SS HD 1PK 4FT PT.","PARENT SS HD 1PK 4FT PT",ENABLED,0.48,133464033519465,250892367869387,"2026-09-19 16:57:30"
SPONSORED_PRODUCTS,"PARENT SS HD 2 PK 4.5 FT KW","PARENT SS HD 2 PK 4.5 FT KW",ENABLED,0.40,367138667943381,285516946877295,"2026-09-19 16:57:30"
SPONSORED_PRODUCTS,"PARENT SS HD 2 PK 4.5 FT WOB PT","PARENT SS HD 2 PK 4.5 FT WOB",ENABLED,0.58,138393896551784,7314232306721,"2026-09-19 16:57:30"
SPONSORED_PRODUCTS,"PARENT SS HD 2 PK 4.5 FT WOB KW","PARENT SS HD 2 PK 4.5 FT WOB KW",ENABLED,0.51,13516358531374,18422516014069,"2026-09-19 16:57:30"
SPONSORED_PRODUCTS,"PARENT SS HD 2 Pk BAG KW","PARENT SS HD 2 Pk BAG",ENABLED,0.51,277398541249887,415141538428301,"2026-09-19 16:57:30"
SPONSORED_PRODUCTS,"PARENT SS HD 2 Pk BAG PT","PARENT SS HD 2 Pk BAG PT",ENABLED,0.51,190067996501305,289868945543916,"2026-09-19 16:57:30"
SPONSORED_PRODUCTS,"PARENT SS CRANK PT","PARENT SS HD CRANK",ENABLED,0.51,313691439179950,489892676783974,"2026-09-19 16:57:30"
SPONSORED_PRODUCTS,"PARENT SS HD LGT KW","PARENT SS HD LGT KW",ENABLED,0.60,425524660842297,345486700154996,"2026-09-19 16:57:30"
SPONSORED_PRODUCTS,"PARENT SS SQ PT","PARENT SS SQ",ENABLED,0.73,98274489845057,140574938034381,"2026-09-19 16:57:30"
SPONSORED_PRODUCTS,,"PARENT String Winder KW AG",ENABLED,0.60,46067076551215,56493030969751,"2026-09-19 16:57:30"
SPONSORED_PRODUCTS,"PARENT String Winder PT","PARENT String Winder PT AG",ENABLED,0.60,80388367714984,464339558114999,"2026-09-19 16:57:30"
SPONSORED_PRODUCTS,"PARENT TABLET FLOOR STAND PT","PARENT TABLET FLOOR STAND",ENABLED,0.52,240669846197151,186658225235363,"2026-09-19 16:57:30"
SPONSORED_PRODUCTS,"PARENT TABLET FLOOR STAND KW","PARENT TABLET FLOOR STAND KW AG",ENABLED,0.60,123053441770852,129456425599684,"2026-09-19 16:57:30"
SPONSORED_PRODUCTS,"PARENT Telescopic Mic St KW","PARENT Telescopic Mic St KW",ENABLED,0.54,488140702716545,283531846882968,"2026-09-19 16:57:30"
SPONSORED_PRODUCTS,"PARENT TW BLT KW","PARENT TW BLT KW AG",ENABLED,0.60,131593660012497,10680758141733,"2026-09-19 16:57:30"
SPONSORED_PRODUCTS,"PARENT TW BLT PT","PARENT TW BLT PT AG",ENABLED,0.60,100695807026873,345035482811859,"2026-09-19 16:57:30"
SPONSORED_PRODUCTS,,"PARENT TW ND KW AG",ENABLED,0.60,126548976749960,37485122870673,"2026-09-19 16:57:30"
SPONSORED_PRODUCTS,"PARENT TW ND PT","PARENT TW ND PT AG",ENABLED,0.60,77528844816443,448304600549372,"2026-09-19 16:57:30"
SPONSORED_PRODUCTS,,"PARENT TYPE C KW AG",ENABLED,0.60,128599919800150,260790578331859,"2026-09-19 16:57:30"
SPONSORED_PRODUCTS,"PARENT TYPE C PT","PARENT TYPE C PT AG",ENABLED,0.60,215895302154116,559386150666928,"2026-09-19 16:57:30"
SPONSORED_PRODUCTS,"PARENT UNDR ST PT.","PARENT UNDR ST",ENABLED,0.70,49020174972148,197682038432116,"2026-09-19 16:57:30"
SPONSORED_PRODUCTS,"PARENT UNDR ST KW","PARENT UNDR ST KW AG",ENABLED,0.60,181754397876777,268995256637894,"2026-09-19 16:57:30"
SPONSORED_PRODUCTS,,"PARENT VS FLD KW AG",ENABLED,0.60,231870651648916,164332676736791,"2026-09-19 16:57:30"
SPONSORED_PRODUCTS,,"PARENT VS FLD PT AG",ENABLED,0.60,226840687500132,474980256656143,"2026-09-19 16:57:30"
SPONSORED_PRODUCTS,"PARENT WALL SPK KW","PARENT WALL SPK KW AG",ENABLED,0.60,97536309573290,181719574759368,"2026-09-19 16:57:30"
SPONSORED_PRODUCTS,"PARENT WALL SPK MTL KW","PARENT WALL SPK MTL KW AG",ENABLED,0.60,55893695056577,167220982052276,"2026-09-19 16:57:30"
SPONSORED_PRODUCTS,"PARENT WF 10120 KW","PARENT WF 10120",ENABLED,0.40,22815665859982,135748330633250,"2026-09-19 16:57:30"
SPONSORED_PRODUCTS,"PARENT WF DBL PT","PARENT WF DBL PT AG",ENABLED,0.60,65974833973462,511874264409379,"2026-09-19 16:57:30"
SPONSORED_PRODUCTS,"PARENT WM 301 KW","PARENT WM 301 KW AG",ENABLED,0.60,224922786889576,106423076481984,"2026-09-19 16:57:30"
SPONSORED_PRODUCTS,"PARENT WM 301 PT","PARENT WM 301 PT AG",ENABLED,0.60,163429766783159,481463688702092,"2026-09-19 16:57:30"
SPONSORED_PRODUCTS,"PARENT WM SPK PT","PARENT WM SPK",ENABLED,0.45,548788636071647,413862933870774,"2026-09-19 16:57:30"
SPONSORED_PRODUCTS,"PARENT WM SPK COMBO KW.","PARENT WM SPK COMBO",ENABLED,0.58,262960248970219,74948743142509,"2026-09-19 16:57:30"
SPONSORED_PRODUCTS,"PARENT WM SPK COMBO KW","PARENT WM SPK COMBO KW",ENABLED,0.66,77598138734334,192736208774007,"2026-09-19 16:57:30"
SPONSORED_PRODUCTS,"PARENT WM SPK COMBO PT","PARENT WM SPK COMBO PT",ENABLED,0.58,235861924112814,265369828223887,"2026-09-19 16:57:30"
SPONSORED_PRODUCTS,"PARENT WM SPK KW","PARENT WM SPK KW",ENABLED,0.47,467038763473585,450173314220792,"2026-09-19 16:57:30"
SPONSORED_PRODUCTS,,"PARENT XLR KW AG",ENABLED,0.60,163978393933539,41281915135017,"2026-09-19 16:57:30"
SPONSORED_PRODUCTS,,"PARENT XLR PT AG",ENABLED,0.60,9266667488020,495108851226690,"2026-09-19 16:57:30"
SPONSORED_PRODUCTS,"PL 1002 FBA PT","PL 1002 FBA",ENABLED,0.75,562157857037192,505451702211714,"2026-09-19 16:57:30"
SPONSORED_PRODUCTS,"PL 1002 FBA KW","PL 1002 FBA",ENABLED,0.75,544480356269253,457620238172324,"2026-09-19 16:57:30"
SPONSORED_PRODUCTS,"PLB 8X2 2MIC KW","PLB 8X2 2MIC",ENABLED,1.02,490961878923477,312163464856562,"2026-09-19 16:57:30"
SPONSORED_PRODUCTS,"PLB 8X2 2MIC PT","PLB 8X2 2MIC",ENABLED,0.93,453110401837380,501247928557645,"2026-09-19 16:57:30"
SPONSORED_PRODUCTS,"PM 100 KW","PM 100",ENABLED,0.70,295501230133238,408033486908486,"2026-09-19 16:57:30"
SPONSORED_PRODUCTS,"PM 100 2PCS PT","PM 100 2PCS",ENABLED,1.47,487888247974432,387022672128413,"2026-09-19 16:57:30"
SPONSORED_PRODUCTS,"PM 100 2PCS.","PM 100 2PCS",ENABLED,1.47,419095597048795,481486050741583,"2026-09-19 16:57:30"
SPONSORED_PRODUCTS,"PM 111 CH 2PCS.","PM 111 CH 2PCS",ENABLED,1.47,333252688589767,503698783897040,"2026-09-19 16:57:30"
SPONSORED_PRODUCTS,"PM 111 CH 2PCS PT","PM 111 CH 2PCS",ENABLED,1.47,412408815961741,449399105468237,"2026-09-19 16:57:30"
SPONSORED_PRODUCTS,"PM 18 2PCS.","PM 18 2PCS",ENABLED,1.47,320799940178891,296719038285285,"2026-09-19 16:57:30"
SPONSORED_PRODUCTS,"PM 18 2PCS PT","PM 18 2PCS",ENABLED,1.47,295105350094773,354903920388428,"2026-09-19 16:57:30"
SPONSORED_PRODUCTS,"PM 1O1 BLK 2PCS","PM 1O1 BLK 2PCS",ENABLED,1.47,414106259365424,457633263425439,"2026-09-19 16:57:30"
SPONSORED_PRODUCTS,"PM 1O1 BLK 2PCS PT","PM 1O1 BLK 2PCS",ENABLED,2.75,495782755479921,416148885056490,"2026-09-19 16:57:30"
SPONSORED_PRODUCTS,"PM 1O1 BLK FBA KW","PM 1O1 BLK FBA",ENABLED,0.63,321288574296675,409840432179223,"2026-09-19 16:57:30"
SPONSORED_PRODUCTS,"PM 1O1 BLK FBA PT","PM 1O1 BLK FBA",ENABLED,0.63,415698238391685,475858827886865,"2026-09-19 16:57:30"
SPONSORED_PRODUCTS,"PM 286 BLU FBA PT","PM 286 BLU FBA",ENABLED,0.63,431422555877742,387156031763862,"2026-09-19 16:57:30"
SPONSORED_PRODUCTS,"PM 286 BLU FBA KW","PM 286 BLU FBA",ENABLED,0.63,315860616478872,557474890511640,"2026-09-19 16:57:30"
SPONSORED_PRODUCTS,"PM 286 WH 2PCS KW","PM 286 WH 2PCS",ENABLED,1.47,489024221979488,518603289513090,"2026-09-19 16:57:30"
SPONSORED_PRODUCTS,"PM 305.","PM 305",ENABLED,0.95,349516370787471,310236362174913,"2026-09-19 16:57:30"
SPONSORED_PRODUCTS,"PM 305 PT","PM 305",ENABLED,0.97,490875326620485,344881049479558,"2026-09-19 16:57:30"
SPONSORED_PRODUCTS,"PM 305 2PCS KW","PM 305 2PCS",ENABLED,1.47,375730465393033,543554212622152,"2026-09-19 16:57:30"
SPONSORED_PRODUCTS,"PM 600 2PCS PT","PM 305 2PCS",ENABLED,1.48,483261835735330,419809790495642,"2026-09-19 16:57:30"
SPONSORED_PRODUCTS,"PM 305 FBA KW","PM 305 FBA",ENABLED,0.67,510545096914146,416830818392109,"2026-09-19 16:57:30"
SPONSORED_PRODUCTS,"PM 305 FBA PT","PM 305 FBA",ENABLED,0.67,378544134236036,539094068304921,"2026-09-19 16:57:30"
SPONSORED_PRODUCTS,"PM 600 2PCS.","PM 600 2PCS",ENABLED,1.47,395050608772674,454078478601135,"2026-09-19 16:57:30"
SPONSORED_PRODUCTS,"PM 600 FBA KW","PM 600 FBA",ENABLED,0.67,376310173815439,417770345018373,"2026-09-19 16:57:30"
SPONSORED_PRODUCTS,"PM 600 FBA PT","PM 600 FBA",ENABLED,0.02,298664434698833,534572879281955,"2026-09-19 16:57:30"
SPONSORED_PRODUCTS,"PM 608 2PCS.","PM 608 2PCS",ENABLED,1.47,361967486067871,333925940476828,"2026-09-19 16:57:30"
SPONSORED_PRODUCTS,"PM 608 2PCS PT","PM 608 2PCS",ENABLED,1.48,452319263822618,319350008510787,"2026-09-19 16:57:30"
SPONSORED_PRODUCTS,"PM 757 2PCS.","PM 757 2PCS",ENABLED,1.47,400926141828176,330912856065818,"2026-09-19 16:57:30"
SPONSORED_PRODUCTS,"PM 757 2PCS PT","PM 757 2PCS",ENABLED,1.48,386687000598678,300561180934719,"2026-09-19 16:57:30"
SPONSORED_PRODUCTS,"PM 816 2PCS.","PM 816 2PCS",ENABLED,1.47,558081391104119,396514038743303,"2026-09-19 16:57:30"
SPONSORED_PRODUCTS,"PM 816 2PCS PT","PM 816 2PCS",ENABLED,1.48,424727941863308,502462727503666,"2026-09-19 16:57:30"
SPONSORED_PRODUCTS,"PM 817 CH 2PCS PT","PM 817 CH 2PCS",ENABLED,1.48,464686418306496,285687136255502,"2026-09-19 16:57:30"
SPONSORED_PRODUCTS,"PM 817 CH 2PCS.","PM 817 CH 2PCS",ENABLED,1.47,380237635615768,283957699863953,"2026-09-19 16:57:30"
SPONSORED_PRODUCTS,"PM 817 CH FBA PT","PM 817 CH FBA",ENABLED,0.67,332329627198203,300707663039481,"2026-09-19 16:57:30"
SPONSORED_PRODUCTS,"PM 817 CH FBA KW","PM 817 CH FBA",ENABLED,0.62,475489377069136,541003601617429,"2026-09-19 16:57:30"
SPONSORED_PRODUCTS,"PM-286 2PCS","PM-286 2PCS",ENABLED,0.72,378749907357391,379394152772566,"2026-09-19 16:57:30"
SPONSORED_PRODUCTS,"PM-286 2PCS PT","PM-286 2PCS",ENABLED,0.70,320470729667989,326713464290529,"2026-09-19 16:57:30"
SPONSORED_PRODUCTS,"PM-883 2PCS.","PM-883 2PCS",ENABLED,1.48,290649576531177,290163974532461,"2026-09-19 16:57:30"
SPONSORED_PRODUCTS,"PM-883 2PCS PT","PM-883 2PCS",ENABLED,0.50,451574922463204,493348928037438,"2026-09-19 16:57:30"
SPONSORED_PRODUCTS,"PNB 480 BLK KW","PNB 480 BLK",ENABLED,1.63,384270380674362,537149662938975,"2026-09-19 16:57:30"
SPONSORED_PRODUCTS,"PNB 480 BLK PT","PNB 480 BLK",ENABLED,1.32,502786764744929,555558033421368,"2026-09-19 16:57:30"
SPONSORED_PRODUCTS,"Parent Piano Bench 480 PT","PNB 480 BR",ENABLED,0.61,408896172207618,376462338797352,"2026-09-19 16:57:30"
SPONSORED_PRODUCTS,"Parent Piano Bench 480 KW","PNB 480 BR",ENABLED,0.73,286920787464952,508342744916957,"2026-09-19 16:57:30"
SPONSORED_PRODUCTS,"PNB 480 HPNK KW","PNB 480 HPNK",ENABLED,1.63,377311662745377,475614202022724,"2026-09-19 16:57:30"
SPONSORED_PRODUCTS,"PNB 480 HPNK PT","PNB 480 HPNK",ENABLED,1.32,375615579451452,481606491251051,"2026-09-19 16:57:30"
SPONSORED_PRODUCTS,"PNB 480 WH PT","PNB 480 WH",ENABLED,1.32,368323853328543,536641047343302,"2026-09-19 16:57:30"
SPONSORED_PRODUCTS,"PNB 480 WH KW","PNB 480 WH",ENABLED,1.63,491758785753769,409298619404659,"2026-09-19 16:57:30"
SPONSORED_PRODUCTS,"PNB B-REST BLK PT","PNB B-REST BLK",ENABLED,0.84,442809348775273,369251932655101,"2026-09-19 16:57:30"
SPONSORED_PRODUCTS,"PNB B-REST BLK KW","PNB B-REST BLK",ENABLED,0.78,467770537208384,310684028631249,"2026-09-19 16:57:30"
SPONSORED_PRODUCTS,"PNB B-REST BLU KW","PNB B-REST BLU",ENABLED,0.78,436317610278281,477574410969762,"2026-09-19 16:57:30"
SPONSORED_PRODUCTS,"PNB B-REST BLU PT","PNB B-REST BLU",ENABLED,0.84,552589476324272,311737655218479,"2026-09-19 16:57:30"
SPONSORED_PRODUCTS,"PNB B-REST PNK KW","PNB B-REST PNK",ENABLED,0.78,520029319546594,306316297584602,"2026-09-19 16:57:30"
SPONSORED_PRODUCTS,"PNB B-REST PNK PT","PNB B-REST PNK",ENABLED,0.75,486523560758842,346661879890395,"2026-09-19 16:57:30"
SPONSORED_PRODUCTS,"PARENT PNB B-REST PT","PNB B-REST WH",ENABLED,0.84,347663059500866,371852689922172,"2026-09-19 16:57:30"
SPONSORED_PRODUCTS,"PARENT DT PT","PNB DT BLK",ENABLED,0.79,338326385248126,548901356705759,"2026-09-19 16:57:30"
SPONSORED_PRODUCTS,"PARENT DT KW","PNB DT BLK",ENABLED,0.79,451749491562952,460652736954051,"2026-09-19 16:57:30"
SPONSORED_PRODUCTS,"PNB DT BR KW","PNB DT BR",ENABLED,1.25,507683716495464,308465679953125,"2026-09-19 16:57:30"
SPONSORED_PRODUCTS,"PNB DT BR PT","PNB DT BR",ENABLED,1.17,550910125014564,483387005241006,"2026-09-19 16:57:30"
SPONSORED_PRODUCTS,"PNB DT CHERRY KW","PNB DT CHERRY",ENABLED,0.75,488088706267947,478354025761997,"2026-09-19 16:57:30"
SPONSORED_PRODUCTS,"PNB DT CHERRY PT","PNB DT CHERRY",ENABLED,1.17,400394171923280,310938404063298,"2026-09-19 16:57:30"
SPONSORED_PRODUCTS,"PNB DT CML BRWN KW","PNB DT CML BRWN",ENABLED,0.75,558799544082243,357480371356533,"2026-09-19 16:57:30"
SPONSORED_PRODUCTS,"PNB DT CML BRWN PT","PNB DT CML BRWN",ENABLED,1.17,466304827756833,531092139004729,"2026-09-19 16:57:30"
SPONSORED_PRODUCTS,"PNB DT PNK KW","PNB DT PNK",ENABLED,0.75,406745428652339,422155941763394,"2026-09-19 16:57:30"
SPONSORED_PRODUCTS,"PNB DT PNK PT","PNB DT PNK",ENABLED,1.17,476015205396576,561189575157298,"2026-09-19 16:57:30"
SPONSORED_PRODUCTS,"PNB DT WH KW","PNB DT WH",ENABLED,1.63,419508918653899,498099593407000,"2026-09-19 16:57:30"
SPONSORED_PRODUCTS,"PNB DT WH PT","PNB DT WH",ENABLED,1.37,411255234081422,512872241994103,"2026-09-19 16:57:30"
SPONSORED_PRODUCTS,"PNB WD HD  WH KW","PNB WD HD  WH",ENABLED,1.13,540848738907154,495762070056123,"2026-09-19 16:57:30"
SPONSORED_PRODUCTS,"PNB WD HD BLK KW","PNB WD HD BLK",ENABLED,1.19,368486680346389,503094786527520,"2026-09-19 16:57:30"
SPONSORED_PRODUCTS,"PNB WD HD BLK PT","PNB WD HD BLK",ENABLED,1.19,373545365307289,548009328069929,"2026-09-19 16:57:30"
SPONSORED_PRODUCTS,"PNB WD HD BR KW","PNB WD HD BR",ENABLED,1.19,354261457203530,445785102536896,"2026-09-19 16:57:30"
SPONSORED_PRODUCTS,"PNB WD HD BR PT","PNB WD HD BR",ENABLED,1.19,379834046236730,548968825002045,"2026-09-19 16:57:30"
SPONSORED_PRODUCTS,"PNB WD HD CHRY KW","PNB WD HD CHRY",ENABLED,0.78,480873940750818,518194791857699,"2026-09-19 16:57:30"
SPONSORED_PRODUCTS,"PNB WD HD CHRY PT","PNB WD HD CHRY",ENABLED,0.78,468610325854192,358884940696551,"2026-09-19 16:57:30"
SPONSORED_PRODUCTS,"PARENT PNB WD PT","PNB WD HD CML BR",ENABLED,0.85,407885441407759,302937031160790,"2026-09-19 16:57:30"
SPONSORED_PRODUCTS,"PNB WD HD WH PT","PNB WD HD WH",ENABLED,1.19,284834908927124,507468441221153,"2026-09-19 16:57:30"
SPONSORED_PRODUCTS,"PNB WD HD WH KW","PNB WD HD WH",ENABLED,1.19,417114522542817,405680050229716,"2026-09-19 16:57:30"
SPONSORED_PRODUCTS,"PP 1001 FBA KW","PP 1001 FBA",ENABLED,0.35,315760747104642,443539022831204,"2026-09-19 16:57:30"
SPONSORED_PRODUCTS,"PP 1001 FBA PT","PP 1001 FBA",ENABLED,0.35,471646901842695,344867181501590,"2026-09-19 16:57:30"
SPONSORED_PRODUCTS,"PS WHLS BLK PT","PS WHLS BLK",ENABLED,0.75,398717626366071,333558091160941,"2026-09-19 16:57:30"
SPONSORED_PRODUCTS,"PS WHLS BLK KW","PS WHLS BLK",ENABLED,0.80,295330742016513,314981743652194,"2026-09-19 16:57:30"
SPONSORED_PRODUCTS,"PARENT PS WHLS KW","PS WHLS WH",ENABLED,0.75,526728876726116,438405667794346,"2026-09-19 16:57:30"
SPONSORED_PRODUCTS,"RACK STAND 12U PT","RACK STAND 12U",ENABLED,0.72,523882524940966,468803679420131,"2026-09-19 16:57:30"
SPONSORED_PRODUCTS,"RACK STAND 12U KW","RACK STAND 12U",ENABLED,0.60,548622761232906,472952994900957,"2026-09-19 16:57:30"
SPONSORED_PRODUCTS,"RACK STAND 16U PT","RACK STAND 16U",ENABLED,0.53,358971681988512,410270148281209,"2026-09-19 16:57:30"
SPONSORED_PRODUCTS,"RACK STAND 16U KW","RACK STAND 16U",ENABLED,0.52,484319626352573,336208813480821,"2026-09-19 16:57:30"
SPONSORED_PRODUCTS,"PARENT DJ RACK KW","RACK STAND 9U",ENABLED,0.60,356051585625113,317273205922988,"2026-09-19 16:57:30"
SPONSORED_PRODUCTS,"PARENT DJ RACK PT","RACK STAND 9U",ENABLED,0.63,550271175281290,501369494700110,"2026-09-19 16:57:30"
SPONSORED_PRODUCTS,"RM 7 BG  PT","RM 7 BG",ENABLED,0.62,450251981210710,376478358811884,"2026-09-19 16:57:30"
SPONSORED_PRODUCTS,"RM 7 BG KW","RM 7 BG",ENABLED,1.28,302768287385716,517248859024934,"2026-09-19 16:57:30"
SPONSORED_PRODUCTS,"PARENT RM SET KW","RM 8 BG",ENABLED,1.49,414512696917259,456889503222239,"2026-09-19 16:57:30"
SPONSORED_PRODUCTS,"PARENT RM SET PT","RM 8 BG",ENABLED,3.28,295069795025778,339396681431279,"2026-09-19 16:57:30"
SPONSORED_PRODUCTS,"RTRO MIC RSE GLD KW","RTRO MIC RSE GLD",ENABLED,0.75,453100363496317,364651756968182,"2026-09-19 16:57:30"
SPONSORED_PRODUCTS,"RTRO MIC RSE GLD PT","RTRO MIC RSE GLD",ENABLED,0.75,469342742889307,485972891832534,"2026-09-19 16:57:30"
SPONSORED_PRODUCTS,"RTRO MIC WH","RTRO MIC WH",ENABLED,0.75,516511449808355,469787569591611,"2026-09-19 16:57:30"
SPONSORED_PRODUCTS,"RTRO MIC WH PT","RTRO MIC WH",ENABLED,0.75,329168466448403,398420500396431,"2026-09-19 16:57:30"
SPONSORED_PRODUCTS,"RTRO MIC WH KW","RTRO MIC WH",ENABLED,0.79,372362538461250,460906604164837,"2026-09-19 16:57:30"
SPONSORED_PRODUCTS,"SP 12120 KW","SP 12120",ENABLED,0.81,422451740597976,542920666162579,"2026-09-19 16:57:30"
SPONSORED_PRODUCTS,"SP 12120 4OHM GTR PT","SP 12120 4OHM GTR",ENABLED,0.32,246592719348894,427965727091217,"2026-09-19 16:57:30"
SPONSORED_PRODUCTS,"SP 12120 4OHMS KW","SP 12120 4OHMS",ENABLED,0.28,332083787638112,355266912129795,"2026-09-19 16:57:30"
SPONSORED_PRODUCTS,"SP 12120 4OHMS PT","SP 12120 4OHMS",ENABLED,0.31,452001345128460,398355524557115,"2026-09-19 16:57:30"
SPONSORED_PRODUCTS,"PARENT 12 SP PT","SP 12120 4OHMS 2PCS",ENABLED,0.31,384535479501443,420398857551541,"2026-09-19 16:57:30"
SPONSORED_PRODUCTS,"SP 12120 4OHMS 2PCS KW","SP 12120 4OHMS 2PCS",PAUSED,0.32,334993524703513,517533501460508,"2026-09-19 16:57:30"
SPONSORED_PRODUCTS,"SP 12120 8OHM GTR PT","SP 12120 8OHM GTR",ENABLED,0.75,560288321275590,284757292490051,"2026-09-19 16:57:30"
SPONSORED_PRODUCTS,"PARENT 12 GTR KW","SP 12120 8OHMS",ENABLED,0.66,548106138975527,465533828045212,"2026-09-19 16:57:30"
SPONSORED_PRODUCTS,"SP 12120 8OHMS PT","SP 12120 8OHMS",ENABLED,0.62,476432968014283,417963892534048,"2026-09-19 16:57:30"
SPONSORED_PRODUCTS,"SP 12120 8OHMS 2PCS PT","SP 12120 8OHMS 2PCS",ENABLED,0.69,441934956555631,304247344994898,"2026-09-19 16:57:30"
SPONSORED_PRODUCTS,"SP 12120 8OHMS 2PCS KW","SP 12120 8OHMS 2PCS",ENABLED,0.66,310028042146389,502716967407390,"2026-09-19 16:57:30"
SPONSORED_PRODUCTS,"SP 12120 PT","SP 12120 PT",ENABLED,1.22,400799319246204,470032858944551,"2026-09-19 16:57:30"
SPONSORED_PRODUCTS,"PARENT SPEAKON FBA PT","SPKN BGO 6PK FBA",ENABLED,0.46,530038273081535,368111405541743,"2026-09-19 16:57:30"
SPONSORED_PRODUCTS,"SPKN BLU 6PCS fba PT","SPKN BLU 6PCS fba",ENABLED,0.46,398626648508817,483447280865144,"2026-09-19 16:57:30"
SPONSORED_PRODUCTS,,"SPKN BLU 6Pcs fba",ENABLED,0.50,299651297323464,379739593635769,"2026-09-19 16:57:30"
SPONSORED_PRODUCTS,,"SPKN BRY 6PK FBA",ENABLED,0.50,309153140014033,297266105257045,"2026-09-19 16:57:30"
SPONSORED_PRODUCTS,"SPKN BRY 6PK FBA KW","SPKN BRY 6PK FBA",ENABLED,0.46,541995965818385,308491667293008,"2026-09-19 16:57:30"
SPONSORED_PRODUCTS,"SS ECO 1PK BLK WoB KW","SS ECO 1PK BLK WoB",ENABLED,0.60,556705431879392,325316215393555,"2026-09-19 16:57:30"
SPONSORED_PRODUCTS,"SS ECO 1PK BLK WoB PT","SS ECO 1PK BLK WoB",ENABLED,0.58,449673855927334,318773934414199,"2026-09-19 16:57:30"
SPONSORED_PRODUCTS,"PARENT SS ECO 1Pk WoB KW","SS ECO 1PK ORG WoB",ENABLED,0.53,496930297641651,472253107524238,"2026-09-19 16:57:30"
SPONSORED_PRODUCTS,"PARENT SS ECO 1Pk WoB PT","SS ECO 1PK ORG WoB",ENABLED,0.51,446257769078576,434484482368894,"2026-09-19 16:57:30"
SPONSORED_PRODUCTS,"SS ECO 1PK RED WoB PT","SS ECO 1PK RED WoB",ENABLED,0.49,371264952768742,319521383631722,"2026-09-19 16:57:30"
SPONSORED_PRODUCTS,"SS ECO 1PK RED WoB KW","SS ECO 1PK RED WoB",ENABLED,0.50,399250511975321,505702278076545,"2026-09-19 16:57:30"
SPONSORED_PRODUCTS,"SS ECO 1PK SKY BLU WoB PT","SS ECO 1PK SKY BLU WoB",ENABLED,0.49,385862121395793,525495981002443,"2026-09-19 16:57:30"
SPONSORED_PRODUCTS,"SS ECO 1PK SKY BLU WoB KW","SS ECO 1PK SKY BLU WoB",ENABLED,0.50,420206054065599,359188350814826,"2026-09-19 16:57:30"
SPONSORED_PRODUCTS,"SS ECO 1PK WH WoB PT","SS ECO 1PK WH WoB",ENABLED,0.45,300074216738050,366801001492143,"2026-09-19 16:57:30"
SPONSORED_PRODUCTS,"SS ECO 1PK WH WoB KW","SS ECO 1PK WH WoB",ENABLED,0.55,461927482095873,332907750451748,"2026-09-19 16:57:30"
SPONSORED_PRODUCTS,"SS ECO 1PK YLW WoB PT","SS ECO 1PK YLW WoB",ENABLED,0.49,438012830651438,465649131746990,"2026-09-19 16:57:30"
SPONSORED_PRODUCTS,"SS ECO 1PK YLW WoB KW","SS ECO 1PK YLW WoB",ENABLED,0.50,408230756275437,485552184232348,"2026-09-19 16:57:30"
SPONSORED_PRODUCTS,"SS ECO 2PK BLK WoB PT","SS ECO 2PK BLK WoB",ENABLED,0.62,419251686625474,370928262314835,"2026-09-19 16:57:30"
SPONSORED_PRODUCTS,"SS ECO 2PK BLK WoB KW","SS ECO 2PK BLK WoB",ENABLED,0.62,391341460697195,310701464756896,"2026-09-19 16:57:30"
SPONSORED_PRODUCTS,"SS ECO 2PK ORG WoB KW","SS ECO 2PK ORG WoB",ENABLED,0.84,525834678852493,521217547971252,"2026-09-19 16:57:30"
SPONSORED_PRODUCTS,"PARENT SS ECO 2PK KW","SS ECO 2PK RED WoB",ENABLED,0.53,541291550362036,399653077856696,"2026-09-19 16:57:30"
SPONSORED_PRODUCTS,"PARENT SS ECO 2PK PT","SS ECO 2PK RED WoB",ENABLED,0.75,379211964726051,443309849057698,"2026-09-19 16:57:30"
SPONSORED_PRODUCTS,"SS ECO 2PK SKY BLU WoB PT","SS ECO 2PK SKY BLU WoB",ENABLED,0.49,458735491903838,562391123301061,"2026-09-19 16:57:30"
SPONSORED_PRODUCTS,"SS ECO 2PK SKY BLU WoB KW","SS ECO 2PK SKY BLU WoB",ENABLED,0.53,358514482778695,313337641661333,"2026-09-19 16:57:30"
SPONSORED_PRODUCTS,"SS ECO 2PK WH WoB PT","SS ECO 2PK WH WoB",ENABLED,0.89,315596767149775,314769260582116,"2026-09-19 16:57:30"
SPONSORED_PRODUCTS,"SS ECO 2PK YLW WoB KW","SS ECO 2PK YLW WoB",ENABLED,0.49,453146833198184,354579404090899,"2026-09-19 16:57:30"
SPONSORED_PRODUCTS,"SS ECO 2PK YLW WoB PT","SS ECO 2PK YLW WoB",ENABLED,0.49,400512127077052,473259328259753,"2026-09-19 16:57:30"
SPONSORED_PRODUCTS,"SS HD 1 PK 4.5 FT BLK WOB PT","SS HD 1 PK 4.5 FT BLK WOB",ENABLED,0.75,335473689117527,540271299190510,"2026-09-19 16:57:30"
SPONSORED_PRODUCTS,"SS HD 1 PK 4.5 FT BLK WOB KW","SS HD 1 PK 4.5 FT BLK WOB",ENABLED,0.51,340655557054677,543055160911010,"2026-09-19 16:57:30"
SPONSORED_PRODUCTS,"SS HD 1 PK 4.5 FT BLU WOB KW","SS HD 1 PK 4.5 FT BLU WOB",ENABLED,0.51,562714161343530,499366413702402,"2026-09-19 16:57:30"
SPONSORED_PRODUCTS,"SS HD 1 PK 4.5 FT BLU WOB PT","SS HD 1 PK 4.5 FT BLU WOB",ENABLED,0.51,333732541316483,452059558239999,"2026-09-19 16:57:30"
SPONSORED_PRODUCTS,"PARENT SS HD 1 PK 4.5 FT KW","SS HD 1 PK 4.5 FT GR WOB",ENABLED,0.51,417795262333536,355412716875976,"2026-09-19 16:57:30"
SPONSORED_PRODUCTS,"PARENT SS HD 1 PK 4.5 FT PT","SS HD 1 PK 4.5 FT GR WOB",ENABLED,0.75,351596201421602,416808910895652,"2026-09-19 16:57:30"
SPONSORED_PRODUCTS,"SS HD 1 PK 4.5 FT ORG WOB PT","SS HD 1 PK 4.5 FT ORG WOB",ENABLED,0.51,510502092013145,540638961100330,"2026-09-19 16:57:30"
SPONSORED_PRODUCTS,"SS HD 1 PK 4.5 FT ORG WOB KW","SS HD 1 PK 4.5 FT ORG WOB",ENABLED,0.51,500451015389374,457210418400524,"2026-09-19 16:57:30"
SPONSORED_PRODUCTS,"SS HD 1 PK 4.5 FT RED WOB KW","SS HD 1 PK 4.5 FT RED WOB",ENABLED,0.51,350572626837264,555847940113161,"2026-09-19 16:57:30"
SPONSORED_PRODUCTS,"SS HD 1 PK 4.5 FT RED WOB PT","SS HD 1 PK 4.5 FT RED WOB",ENABLED,0.51,539532311177749,283311340194777,"2026-09-19 16:57:30"
SPONSORED_PRODUCTS,"SS HD 1 PK 4.5 FT SKY BLU WOB PT","SS HD 1 PK 4.5 FT SKY BLU WOB",ENABLED,0.51,398978830932947,347947303500478,"2026-09-19 16:57:30"
SPONSORED_PRODUCTS,"SS HD 1 PK 4.5 FT SKY BLU WOB KW","SS HD 1 PK 4.5 FT SKY BLU WOB",ENABLED,0.51,429506477142138,364670232263369,"2026-09-19 16:57:30"
SPONSORED_PRODUCTS,"SS HD 1 PK 4.5 FT WH WOB KW","SS HD 1 PK 4.5 FT WH WOB",ENABLED,0.51,416674749895151,529423134612763,"2026-09-19 16:57:30"
SPONSORED_PRODUCTS,"SS HD 1 PK 4.5 FT WH WOB PT","SS HD 1 PK 4.5 FT WH WOB",ENABLED,0.51,450817671490071,549987566507365,"2026-09-19 16:57:30"
SPONSORED_PRODUCTS,"SS HD 1 PK 4.5 FT YLW WOB PT","SS HD 1 PK 4.5 FT YLW WOB",ENABLED,0.51,463523153749140,331901172739175,"2026-09-19 16:57:30"
SPONSORED_PRODUCTS,"SS HD 1 PK 4.5 FT YLW WOB KW","SS HD 1 PK 4.5 FT YLW WOB",ENABLED,0.57,559423571356489,527122692980901,"2026-09-19 16:57:30"
SPONSORED_PRODUCTS,"PARENT SS HD 1 Pk KW","SS HD 1 PK D- BLU BAG",ENABLED,0.75,555626124795857,486761048795280,"2026-09-19 16:57:30"
SPONSORED_PRODUCTS,"SS HD 1 PK D- BLU BAG PT","SS HD 1 PK D- BLU BAG",ENABLED,0.59,322337136742887,333082319757816,"2026-09-19 16:57:30"
SPONSORED_PRODUCTS,"SS HD 1 PK ORG BAG KW","SS HD 1 PK ORG BAG",ENABLED,0.49,509509292637602,533387273527706,"2026-09-19 16:57:30"
SPONSORED_PRODUCTS,"SS HD 1 PK ORG BAG PT","SS HD 1 PK ORG BAG",ENABLED,0.49,403081401406880,436890468417196,"2026-09-19 16:57:30"
SPONSORED_PRODUCTS,"SS HD 1 PK RED BAG KW","SS HD 1 PK RED BAG",ENABLED,0.55,410392131457983,360335722461311,"2026-09-19 16:57:30"
SPONSORED_PRODUCTS,"SS HD 1 PK RED BAG PT","SS HD 1 PK RED BAG.",ENABLED,0.55,518545781561741,556999779877191,"2026-09-19 16:57:30"
SPONSORED_PRODUCTS,"SS HD 1 PK SKY BLU BAG KW","SS HD 1 PK SKY BLU BAG",ENABLED,0.50,466241291608096,306598910881442,"2026-09-19 16:57:30"
SPONSORED_PRODUCTS,"SS HD 1 PK SKY BLU BAG PT","SS HD 1 PK SKY BLU BAG",ENABLED,0.49,353415289465797,518770971252695,"2026-09-19 16:57:30"
SPONSORED_PRODUCTS,"SS HD 1 PK WH BAG PT","SS HD 1 PK WH BAG",ENABLED,0.49,361126867016056,400241477888141,"2026-09-19 16:57:30"
SPONSORED_PRODUCTS,"SS HD 1 PK WH BAG KW","SS HD 1 PK WH BAG",ENABLED,0.50,505210082309848,490020023981873,"2026-09-19 16:57:30"
SPONSORED_PRODUCTS,"SS HD 1 PK YLW BAG PT","SS HD 1 PK YLW BAG",ENABLED,0.49,327265252938992,552936037996351,"2026-09-19 16:57:30"
SPONSORED_PRODUCTS,"SS HD 1 PK YLW BAG KW","SS HD 1 PK YLW BAG",ENABLED,0.50,431653135665781,421021849610826,"2026-09-19 16:57:30"
SPONSORED_PRODUCTS,"PARENT SS HD 3FT 1PK PT","SS HD 1PK 3FT BLK WoB",ENABLED,0.58,456891399224025,505455655000311,"2026-09-19 16:57:30"
SPONSORED_PRODUCTS,"SS HD 1PK 3FT BLK WoB KW","SS HD 1PK 3FT BLK WoB",ENABLED,0.53,442612895633903,511528958334247,"2026-09-19 16:57:30"
SPONSORED_PRODUCTS,"SS HD 1PK 3FT BLU WoB KW","SS HD 1PK 3FT BLU WoB",ENABLED,0.75,417917412250188,482477034504269,"2026-09-19 16:57:30"
SPONSORED_PRODUCTS,"SS HD 1PK 3FT BLU WoB PT","SS HD 1PK 3FT BLU WoB",ENABLED,0.59,294514240906842,482923822012858,"2026-09-19 16:57:30"
SPONSORED_PRODUCTS,"SS HD 1PK 3FT RED WoB PT","SS HD 1PK 3FT RED WoB",ENABLED,0.59,384757005242367,557998452145111,"2026-09-19 16:57:30"
SPONSORED_PRODUCTS,"PARENT SS HD 3FT 1PK KW","SS HD 1PK 3FT RED WoB",ENABLED,0.75,487241920340617,504321398016760,"2026-09-19 16:57:30"
SPONSORED_PRODUCTS,"PARENT SS HD 3FT 2PK KW","SS HD 1PK 3FT WH WoB",ENABLED,0.75,298162099798383,298653484569951,"2026-09-19 16:57:30"
SPONSORED_PRODUCTS,"PARENT SS HD 3FT 2PK PT","SS HD 1PK 3FT WH WoB",ENABLED,0.56,463174145897516,545975825836273,"2026-09-19 16:57:30"
SPONSORED_PRODUCTS,"SS HD 1PK 3FT YLW WoB PT","SS HD 1PK 3FT YLW WoB",ENABLED,0.28,368319557997477,366434833362905,"2026-09-19 16:57:30"
SPONSORED_PRODUCTS,"SS HD 1PK 3FT YLW WoB KW","SS HD 1PK 3FT YLW WoB",ENABLED,0.75,453705055942191,472249532368786,"2026-09-19 16:57:30"
SPONSORED_PRODUCTS,"PARENT SS HD 1 Pk PT","SS HD 1PK BLK BAG",ENABLED,0.49,404279322066187,494370448493898,"2026-09-19 16:57:30"
SPONSORED_PRODUCTS,"SS HD 1PK BLK BAG KW","SS HD 1PK BLK BAG",ENABLED,0.50,540522069532255,510230457721640,"2026-09-19 16:57:30"
SPONSORED_PRODUCTS,"PARENT SS HD 1 Pk WOB KW","SS HD 1PK BLK WOB",ENABLED,0.38,495496771510154,438854598533751,"2026-09-19 16:57:30"
SPONSORED_PRODUCTS,"SS HD 1PK BLK WOB PT","SS HD 1PK BLK WOB",ENABLED,0.65,533678448599237,556310734514840,"2026-09-19 16:57:30"
SPONSORED_PRODUCTS,"SS HD 1PK ORG WOB KW","SS HD 1PK ORG WOB",ENABLED,0.49,475337355345926,285051116382681,"2026-09-19 16:57:30"
SPONSORED_PRODUCTS,"SS HD 2PK ORG WOB KW","SS HD 1PK ORG WOB",ENABLED,0.48,365575040709729,333929986147842,"2026-09-19 16:57:30"
SPONSORED_PRODUCTS,"PARENT SS HD 1 Pk WOB PT","SS HD 1PK ORG WOB",ENABLED,0.48,519876516261680,439260366514097,"2026-09-19 16:57:30"
SPONSORED_PRODUCTS,"SS HD 2 PK 4.5 FT BLK WB KW","SS HD 2 PK 4.5 FT BLK WB",ENABLED,0.51,459061836027900,300735417908185,"2026-09-19 16:57:30"
SPONSORED_PRODUCTS,"SS HD 2 PK 4.5 FT BLK WB PT","SS HD 2 PK 4.5 FT BLK WB",ENABLED,0.51,431968661026161,322673404136088,"2026-09-19 16:57:30"
SPONSORED_PRODUCTS,"SS HD 2 PK 4.5 FT GR WB KW","SS HD 2 PK 4.5 FT GR WB",ENABLED,0.77,544469424193061,345983726349161,"2026-09-19 16:57:30"
SPONSORED_PRODUCTS,"SS HD 2 PK 4.5 FT GR WB PT","SS HD 2 PK 4.5 FT GR WB",ENABLED,0.89,511346061486354,429962160294758,"2026-09-19 16:57:30"
SPONSORED_PRODUCTS,"SS HD 2 PK 4.5 FT ORG WB KW","SS HD 2 PK 4.5 FT ORG WB",ENABLED,0.77,456738897859837,285829752818384,"2026-09-19 16:57:30"
SPONSORED_PRODUCTS,"SS HD 2 PK 4.5 FT ORG WB PT","SS HD 2 PK 4.5 FT ORG WB",ENABLED,0.89,428382675957435,348973265531167,"2026-09-19 16:57:30"
SPONSORED_PRODUCTS,"SS HD 2 PK 4.5 FT RED WB PT","SS HD 2 PK 4.5 FT RED WB",ENABLED,0.89,336307416561884,348952061903250,"2026-09-19 16:57:30"
SPONSORED_PRODUCTS,"SS HD 2 PK 4.5 FT RED WB","SS HD 2 PK 4.5 FT RED WB",ENABLED,0.84,506026298572861,545544976392662,"2026-09-19 16:57:30"
SPONSORED_PRODUCTS,"SS HD 2 PK 4.5 FT SKY BLU WB KW","SS HD 2 PK 4.5 FT SKY BLU WB",ENABLED,0.84,296137916041500,344582831316931,"2026-09-19 16:57:30"
SPONSORED_PRODUCTS,"SS HD 2 PK 4.5 FT SKY BLU WB PT","SS HD 2 PK 4.5 FT SKY BLU WB",ENABLED,0.87,505259785350907,369823260631766,"2026-09-19 16:57:30"
SPONSORED_PRODUCTS,"SS HD 2 PK 4.5 FT WH WB PT","SS HD 2 PK 4.5 FT WH WB",ENABLED,0.51,426764326620049,479822532018033,"2026-09-19 16:57:30"
SPONSORED_PRODUCTS,"SS HD 2 PK 4.5 FT WH WB KW","SS HD 2 PK 4.5 FT WH WB",ENABLED,0.51,416725149140960,501203465615368,"2026-09-19 16:57:30"
SPONSORED_PRODUCTS,"PARENT SS HD 2 PK 4.5 FT PT","SS HD 2 PK 4.5 FT YLW WB",ENABLED,0.75,308382204771929,288490931991994,"2026-09-19 16:57:30"
SPONSORED_PRODUCTS,"SS HD 2 PK D BLU BAG PT","SS HD 2 PK D BLU BAG",ENABLED,0.49,534407555783079,501227341624172,"2026-09-19 16:57:30"
SPONSORED_PRODUCTS,"SS HD 2 PK D BLU BAG KW.","SS HD 2 PK D BLU BAG",ENABLED,0.52,281815166894057,557938618972460,"2026-09-19 16:57:30"
SPONSORED_PRODUCTS,,"SS HD 2 PK D BLU BAG",ENABLED,0.55,349705021358993,402656292834647,"2026-09-19 16:57:30"
SPONSORED_PRODUCTS,"SS HD 2 PK RED BAG PT","SS HD 2 PK RED BAG",ENABLED,0.65,425153590111642,453141832650521,"2026-09-19 16:57:30"
SPONSORED_PRODUCTS,"SS HD 2 PK RED BAG KW","SS HD 2 PK RED BAG",ENABLED,0.53,464448610325889,377912570357012,"2026-09-19 16:57:30"
SPONSORED_PRODUCTS,"SS HD 2 PK SKY BLU BAG KW","SS HD 2 PK SKY BLU BAG",ENABLED,0.51,300475911284830,292417870306434,"2026-09-19 16:57:30"
SPONSORED_PRODUCTS,"SS HD 2 PK SKY BLU BAG PT","SS HD 2 PK SKY BLU BAG",ENABLED,0.48,390793497154142,552646897013757,"2026-09-19 16:57:30"
SPONSORED_PRODUCTS,"SS HD 2 PK WH BAG KW","SS HD 2 PK WH BAG",ENABLED,0.85,348543098520394,290260207024453,"2026-09-19 16:57:30"
SPONSORED_PRODUCTS,"SS HD 2 PK WH BAG PT","SS HD 2 PK WH BAG",ENABLED,0.65,525571057315651,386015833653455,"2026-09-19 16:57:30"
SPONSORED_PRODUCTS,"SS HD 2 PK YLW BAG PT","SS HD 2 PK YLW BAG",ENABLED,0.65,302792929929038,504134996633005,"2026-09-19 16:57:30"
SPONSORED_PRODUCTS,"SS HD 2 PK YLW BAG KW","SS HD 2 PK YLW BAG",ENABLED,0.85,397438053910068,561578929394729,"2026-09-19 16:57:30"
SPONSORED_PRODUCTS,"SS HD 2PK 3FT BLK BAG KW","SS HD 2PK 3FT BLK BAG",ENABLED,0.56,458351785832488,502962104670418,"2026-09-19 16:57:30"
SPONSORED_PRODUCTS,"SS HD 2PK 3FT BLK BAG PT","SS HD 2PK 3FT BLK BAG",ENABLED,0.75,444230401518093,297796731347905,"2026-09-19 16:57:30"
SPONSORED_PRODUCTS,"SS HD 2PK 3FT BLU BAG PT","SS HD 2PK 3FT BLU BAG",ENABLED,0.44,339039516438677,436504970345370,"2026-09-19 16:57:30"
SPONSORED_PRODUCTS,"SS HD 2PK 3FT BLU BAG KW","SS HD 2PK 3FT BLU BAG",ENABLED,0.75,428176796965033,324482401990822,"2026-09-19 16:57:30"
SPONSORED_PRODUCTS,"SS HD 2PK 3FT RED BAG PT","SS HD 2PK 3FT RED BAG",ENABLED,0.44,315352899035166,506721513228626,"2026-09-19 16:57:30"
SPONSORED_PRODUCTS,"SS HD 2PK 3FT RED BAG KW","SS HD 2PK 3FT RED BAG",ENABLED,0.75,282851705018001,367860898815924,"2026-09-19 16:57:30"
SPONSORED_PRODUCTS,"SS HD 2PK 3FT WH BAG PT","SS HD 2PK 3FT WH BAG",ENABLED,0.60,511720693919506,421102579621508,"2026-09-19 16:57:30"
SPONSORED_PRODUCTS,"SS HD 2PK 3FT WH BAG KW","SS HD 2PK 3FT WH BAG",ENABLED,0.75,487189393765868,356240107928420,"2026-09-19 16:57:30"
SPONSORED_PRODUCTS,"SS HD 2PK 3FT YLW BAG KW","SS HD 2PK 3FT YLW BAG",ENABLED,0.75,318488279215130,479590099028878,"2026-09-19 16:57:30"
SPONSORED_PRODUCTS,"SS HD 2PK 3FT YLW BAG PT","SS HD 2PK 3FT YLW BAG",ENABLED,0.60,425707505634404,365336063217979,"2026-09-19 16:57:30"
SPONSORED_PRODUCTS,"SS HD 2PK BLK BAG PT","SS HD 2PK BLK BAG",ENABLED,0.63,304987639366208,560722132760768,"2026-09-19 16:57:30"
SPONSORED_PRODUCTS,"SS HD 2PK BLK BAG KW","SS HD 2PK BLK BAG",ENABLED,0.51,373787524371703,424491993979969,"2026-09-19 16:57:30"
SPONSORED_PRODUCTS,"PARENT SS HD 2 Pk WOB PT","SS HD 2PK BLK WOB",ENABLED,0.65,531644322164161,493891363134553,"2026-09-19 16:57:30"
SPONSORED_PRODUCTS,"PARENT SS HD 2 Pk WOB KW","SS HD 2PK BLK WOB",ENABLED,0.85,308960679830142,407834964474045,"2026-09-19 16:57:30"
SPONSORED_PRODUCTS,"SS HD 2PK ORG BAG PT","SS HD 2PK ORG BAG",ENABLED,0.49,358106599822284,486297563207824,"2026-09-19 16:57:30"
SPONSORED_PRODUCTS,"SS HD 2PK ORG BAG KW","SS HD 2PK ORG BAG",ENABLED,0.53,504292054766860,478500080434840,"2026-09-19 16:57:30"
SPONSORED_PRODUCTS,"SS HD 2PK ORG WOB KW.","SS HD 2PK ORG WOB",ENABLED,0.54,434979592807274,414881480604665,"2026-09-19 16:57:30"
SPONSORED_PRODUCTS,"SS HD 2PK ORG WOB PT","SS HD 2PK ORG WOB",ENABLED,0.52,439204625274271,543293155978815,"2026-09-19 16:57:30"
SPONSORED_PRODUCTS,"PARENT SS CRANK KW","SS HD CRANK",ENABLED,0.51,321841539124802,346563169300297,"2026-09-19 16:57:30"
SPONSORED_PRODUCTS,"SS HD LGT PT","SS HD LGT",ENABLED,0.58,467493165089072,335318874286346,"2026-09-19 16:57:30"
SPONSORED_PRODUCTS,"PARENT SS HD LGT PT","SS HD LGT 2 PCS",ENABLED,0.44,301796179588013,286136332806526,"2026-09-19 16:57:30"
SPONSORED_PRODUCTS,"PARENT SS SQ KW","SS SQ BLK",ENABLED,0.47,322455152048547,422970403714361,"2026-09-19 16:57:30"
SPONSORED_PRODUCTS,"SS SQ WH KW","SS SQ WH",ENABLED,0.50,349545922430843,384182850983846,"2026-09-19 16:57:30"
SPONSORED_PRODUCTS,"SS TRI BASE 64 BLK PT","SS TRI BASE 64 BLK",ENABLED,0.79,351183006948076,517624049738712,"2026-09-19 16:57:30"
SPONSORED_PRODUCTS,"SS TRI BASE 64 BLK KW","SS TRI BASE 64 BLK",ENABLED,0.70,320355600667517,364937343346477,"2026-09-19 16:57:30"
SPONSORED_PRODUCTS,"PARENT SS TRI BASE PT","SS TRI BASE 64 WH",ENABLED,0.79,508024755040476,342836458483450,"2026-09-19 16:57:30"
SPONSORED_PRODUCTS,"PARENT SS TRI BASE KW","SS TRI BASE 64 WH",ENABLED,0.70,282192837348836,359565296668266,"2026-09-19 16:57:30"
SPONSORED_PRODUCTS,"SUH-150 1Pc KW","SUH-150 1Pc",ENABLED,0.65,538053698878215,456297580533608,"2026-09-19 16:57:30"
SPONSORED_PRODUCTS,"SUH-150 1Pc PT","SUH-150 1Pc",ENABLED,0.67,309388711828934,287828990110732,"2026-09-19 16:57:30"
SPONSORED_PRODUCTS,"SUH-300 1Pc KW","SUH-300 1Pc",ENABLED,0.65,446731399863720,487843702701176,"2026-09-19 16:57:30"
SPONSORED_PRODUCTS,"SUH-400 1Pc PT","SUH-400 1Pc",ENABLED,0.75,296998712216887,441578671846650,"2026-09-19 16:57:30"
SPONSORED_PRODUCTS,"SW L RED 5PCS FBA PT","SW L RED 5PCS FBA",ENABLED,0.28,448360650454940,433543527933459,"2026-09-19 16:57:30"
SPONSORED_PRODUCTS,"TABLA MIC 2XP KW","TABLA MIC 2XP",ENABLED,0.91,383216029452292,418638197783753,"2026-09-19 16:57:30"
SPONSORED_PRODUCTS,"TABLA MIC 2XP PT","TABLA MIC 2XP",ENABLED,0.91,307511433626598,524477390172441,"2026-09-19 16:57:30"
SPONSORED_PRODUCTS,"TABLA MIC 2XP COPPEREX PT","TABLA MIC 2XP COPPEREX",ENABLED,0.91,290724387654498,344189767045654,"2026-09-19 16:57:30"
SPONSORED_PRODUCTS,"TABLA MIC 2XP COPPEREX.","TABLA MIC 2XP COPPEREX",ENABLED,0.91,541595780977953,423181561880880,"2026-09-19 16:57:30"
SPONSORED_PRODUCTS,"TABLA MIC 2XP COPPEREX fba PT","TABLA MIC 2XP COPPEREX fba",ENABLED,0.89,426836818275712,309104087700720,"2026-09-19 16:57:30"
SPONSORED_PRODUCTS,"TABLA MIC 2XP COPPEREX fba KW","TABLA MIC 2XP COPPEREX fba",ENABLED,0.89,372543322047548,542647424168604,"2026-09-19 16:57:30"
SPONSORED_PRODUCTS,"PARENT TABLA MIC KW","TABLA MIC GREY",ENABLED,0.99,419334094725944,476247285284619,"2026-09-19 16:57:30"
SPONSORED_PRODUCTS,"PARENT TABLA MIC PT","TABLA MIC GREY",ENABLED,0.51,352263060594139,414911748656503,"2026-09-19 16:57:30"
SPONSORED_PRODUCTS,"PARENT Telescopic Mic St PT","TBMS 80 HD",ENABLED,0.66,329077122221614,442995601528846,"2026-09-19 16:57:30"
SPONSORED_PRODUCTS,"TBMS 80 HD KW","TBMS 80 HD",ENABLED,0.54,288791227532719,448487262877905,"2026-09-19 16:57:30"
SPONSORED_PRODUCTS,"TBMS 80 HD 2PCs PT","TBMS 80 HD 2PCs",ENABLED,0.66,294842219344818,330641958746522,"2026-09-19 16:57:30"
SPONSORED_PRODUCTS,"PARENT TOM KW","TOM XP",ENABLED,0.91,450101887477538,343788740053797,"2026-09-19 16:57:30"
SPONSORED_PRODUCTS,"TOM XP PT","TOM XP",ENABLED,0.91,289719424793077,317626057140945,"2026-09-19 16:57:30"
SPONSORED_PRODUCTS,"PARENT TOM PT","TOM XP COPPEREX",ENABLED,0.91,338390013762239,367576589598605,"2026-09-19 16:57:30"
SPONSORED_PRODUCTS,"TOM XP COPPEREX KW","TOM XP COPPEREX",ENABLED,0.91,469390632153450,540224133573259,"2026-09-19 16:57:30"
SPONSORED_PRODUCTS,"TW BLT 150 BLK PAIR fba PT","TW BLT 150 BLK PAIR fba",ENABLED,0.31,329404488007116,389482301838087,"2026-09-19 16:57:30"
SPONSORED_PRODUCTS,"TW BLT 150 BLK PAIR fba","TW BLT 150 BLK PAIR fba",ENABLED,0.31,302959643347351,314856857609972,"2026-09-19 16:57:30"
SPONSORED_PRODUCTS,"UHC 150 1Pc PT","UHC 150 1Pc",ENABLED,0.53,302219170640833,510965850777461,"2026-09-19 16:57:30"
SPONSORED_PRODUCTS,"UHC 150 1Pc KW","UHC 150 1Pc",ENABLED,0.51,292219287653701,284279503896694,"2026-09-19 16:57:30"
SPONSORED_PRODUCTS,"UHC 150 2PCs KW","UHC 150 2PCs",ENABLED,0.51,286470187301510,513929689574852,"2026-09-19 16:57:30"
SPONSORED_PRODUCTS,"UHC 150 2PCs PT","UHC 150 2PCs",ENABLED,0.53,528033245273691,290154763135083,"2026-09-19 16:57:30"
SPONSORED_PRODUCTS,"UHC 300 PT","UHC 300",ENABLED,0.57,300968393506741,517457917759880,"2026-09-19 16:57:30"
SPONSORED_PRODUCTS,"UHC 300 KW","UHC 300",ENABLED,0.55,384792938281129,495973033572231,"2026-09-19 16:57:30"
SPONSORED_PRODUCTS,"PARENT 10 WF PP KW","WF 10 140 PP 4OHM",ENABLED,0.81,368265267706141,395889815461942,"2026-09-19 16:57:30"
SPONSORED_PRODUCTS,"WF 10 140 PP 4OHM PT","WF 10 140 PP 4OHM",ENABLED,0.56,495157343193977,336194785486410,"2026-09-19 16:57:30"
SPONSORED_PRODUCTS,"WF 10 140 PP 4OHM 2PCS KW","WF 10 140 PP 4OHM 2PCS",ENABLED,0.81,368576264589346,519383139946832,"2026-09-19 16:57:30"
SPONSORED_PRODUCTS,"WF 10120 4OHM PT","WF 10120 4OHM",ENABLED,0.56,466116028772442,318465475976895,"2026-09-19 16:57:30"
SPONSORED_PRODUCTS,"WF 10120 4OHM KW","WF 10120 4OHM",ENABLED,0.80,365087905985829,360304523158610,"2026-09-19 16:57:30"
SPONSORED_PRODUCTS,"WF 10120 4OHM 2PCS PT","WF 10120 4OHM 2PCS",ENABLED,0.81,517293753269951,366502117275454,"2026-09-19 16:57:30"
SPONSORED_PRODUCTS,"WF 10120 4OHM 2PCS KW","WF 10120 4OHM 2PCS",ENABLED,0.81,394980817651188,369036458716240,"2026-09-19 16:57:30"
SPONSORED_PRODUCTS,"PARENT WF 10120 PT","WF 10120 8OHM",ENABLED,0.86,508988174706134,315809800827534,"2026-09-19 16:57:30"
SPONSORED_PRODUCTS,"PARENT 10 GTR KW","WF 10120 8OHM",ENABLED,0.83,388095120351631,366249342520976,"2026-09-19 16:57:30"
SPONSORED_PRODUCTS,"WF 10120 8OHM 2PCS KW","WF 10120 8OHM 2PCS",ENABLED,0.67,411757807558795,434563497575233,"2026-09-19 16:57:30"
SPONSORED_PRODUCTS,"WF 10120 8OHM 2PCS PT","WF 10120 8OHM 2PCS",ENABLED,0.50,382630712955093,400474827244425,"2026-09-19 16:57:30"
SPONSORED_PRODUCTS,"PARENT 10 WF PT","WF 10140 4OHM",ENABLED,0.75,312075527999080,475572266236439,"2026-09-19 16:57:30"
SPONSORED_PRODUCTS,"PARENT 10 WF KW","WF 10140 4OHM",ENABLED,0.73,381151962258455,447208591183104,"2026-09-19 16:57:30"
SPONSORED_PRODUCTS,"WF 10140 4OHM 2PCS PT","WF 10140 4OHM 2PCS",ENABLED,0.75,561197309429594,325848157882260,"2026-09-19 16:57:30"
SPONSORED_PRODUCTS,"WF 10140 4OHM 2PCS KW","WF 10140 4OHM 2PCS",ENABLED,0.73,457013983293180,365064564521616,"2026-09-19 16:57:30"
SPONSORED_PRODUCTS,"WF 12 156 PP 4OHM PT","WF 12 156 PP 4OHM",ENABLED,0.81,508952878943999,505277237014671,"2026-09-19 16:57:30"
SPONSORED_PRODUCTS,"WF 12 156 PP 4OHM 2PCS KW","WF 12 156 PP 4OHM 2PCS",PAUSED,0.81,501371274025578,331145832916406,"2026-09-19 16:57:30"
SPONSORED_PRODUCTS,"PARENT 12 CW KW","WF 12120 4OHM",ENABLED,0.60,558875185626257,512294069786614,"2026-09-19 16:57:30"
SPONSORED_PRODUCTS,"PARENT 12 CW PT","WF 12120 4OHM",ENABLED,0.91,305859435119161,345623363393962,"2026-09-19 16:57:30"
SPONSORED_PRODUCTS,"WF 12120 8OHMS PT","WF 12120 8OHMS",ENABLED,0.34,429472479342587,399539177186350,"2026-09-19 16:57:30"
SPONSORED_PRODUCTS,"WF 12120 8OHMS KW","WF 12120 8OHMS",ENABLED,0.45,391873701083984,557259644299719,"2026-09-19 16:57:30"
SPONSORED_PRODUCTS,"WF 12120 8OHMS 2PCS KW","WF 12120 8OHMS 2PCS",ENABLED,0.45,348249828624540,418833988611066,"2026-09-19 16:57:30"
SPONSORED_PRODUCTS,"WF 12120 8OHMS 2PCS PT","WF 12120 8OHMS 2PCS",ENABLED,0.34,344162019908323,550285323025765,"2026-09-19 16:57:30"
SPONSORED_PRODUCTS,"WF 12140 4OHM PT","WF 12140 4OHM",ENABLED,0.87,411981152357153,556457952737322,"2026-09-19 16:57:30"
SPONSORED_PRODUCTS,"WF 12140 4OHM KW","WF 12140 4OHM",ENABLED,0.86,360621353213342,460146859549730,"2026-09-19 16:57:30"
SPONSORED_PRODUCTS,"WF 12140 4OHM 2PCS PT","WF 12140 4OHM 2PCS",ENABLED,0.75,326870883633262,432355201608259,"2026-09-19 16:57:30"
SPONSORED_PRODUCTS,"WF 12140 4OHM 2PCS KW","WF 12140 4OHM 2PCS",PAUSED,0.75,454577489682348,556883115788324,"2026-09-19 16:57:30"
SPONSORED_PRODUCTS,"PARENT 15 CW KW","WF 15 140 4OHM",ENABLED,0.60,445967002525806,541695688738896,"2026-09-19 16:57:30"
SPONSORED_PRODUCTS,"PARENT 15 CW PT","WF 15 140 4OHM",ENABLED,0.75,548292543138776,402813130006385,"2026-09-19 16:57:30"
SPONSORED_PRODUCTS,"WF 15 140 4OHM 2PCS PT","WF 15 140 4OHM 2PCS",ENABLED,0.69,501563094742260,368528180779558,"2026-09-19 16:57:30"
SPONSORED_PRODUCTS,"WF 15 140 4OHM 2PCS KW","WF 15 140 4OHM 2PCS",PAUSED,0.60,431377094446987,293003172197989,"2026-09-19 16:57:30"
SPONSORED_PRODUCTS,"WF 15 140 8OHM KW","WF 15 140 8OHM",PAUSED,0.45,292710994273855,349089853474914,"2026-09-19 16:57:30"
SPONSORED_PRODUCTS,"WF 15 140 8OHM PT","WF 15 140 8OHM",ENABLED,0.36,383336139828019,450552968457843,"2026-09-19 16:57:30"
SPONSORED_PRODUCTS,"WF 15 140 8OHM 2PCS PT","WF 15 140 8OHM 2PCS",ENABLED,0.36,361273859023119,411668667962038,"2026-09-19 16:57:30"
SPONSORED_PRODUCTS,"WF 15 140 8OHM 2PCS KW","WF 15 140 8OHM 2PCS",PAUSED,0.34,374401308188924,546333372914355,"2026-09-19 16:57:30"
SPONSORED_PRODUCTS,"WF 15 156 PP 4OHM KW","WF 15 156 PP 4OHM",ENABLED,0.81,335259227507121,302573688298179,"2026-09-19 16:57:30"
SPONSORED_PRODUCTS,"WF 15 156 PP 4OHM PT","WF 15 156 PP 4OHM",ENABLED,0.81,546514918166512,538882935961523,"2026-09-19 16:57:30"
SPONSORED_PRODUCTS,"PARENT 15 CW 2PCS PT","WF 15 156 PP 4OHM 2PCS",ENABLED,0.79,372465004779324,360802658658726,"2026-09-19 16:57:30"
SPONSORED_PRODUCTS,"PARENT 15 CW 2PCS KW","WF 15 156 PP 4OHM 2PCS",ENABLED,0.65,327217660254967,439899019262260,"2026-09-19 16:57:30"
SPONSORED_PRODUCTS,"WF 6.5 100 PP 4OHM KW","WF 6.5 100 PP 4OHM",ENABLED,0.81,462916487610651,464075733031496,"2026-09-19 16:57:30"
SPONSORED_PRODUCTS,"WF 6.5 100 PP 4OHM 2PCS KW","WF 6.5 100 PP 4OHM 2PCS",ENABLED,0.81,358404097866074,314322536193872,"2026-09-19 16:57:30"
SPONSORED_PRODUCTS,"WF 6.5 100 PP 4OHM 2PCS PT","WF 6.5 100 PP 4OHM 2PCS",ENABLED,0.81,541654868671356,464020702996758,"2026-09-19 16:57:30"
SPONSORED_PRODUCTS,"WF 6.5 100 PP 4OHM PT","WF 6.5 100 PP 4OHM PT",ENABLED,0.81,450176465754350,471119764940638,"2026-09-19 16:57:30"
SPONSORED_PRODUCTS,"WF 6.5140 DBL D2 KW","WF 6.5140 DBL D2",ENABLED,0.51,65312176963081,326022029694681,"2026-09-19 16:57:30"
SPONSORED_PRODUCTS,"WF 6.5140 DBL D4 KW","WF 6.5140 DBL D4",ENABLED,0.51,208914038120340,379460447646070,"2026-09-19 16:57:30"
SPONSORED_PRODUCTS,"WF 672 1PC KW","WF 672 1PC",ENABLED,0.70,517474427990665,330960293389035,"2026-09-19 16:57:30"
SPONSORED_PRODUCTS,"WF 672 1PC PT","WF 672 1PC",ENABLED,0.89,477636546697089,348807133252178,"2026-09-19 16:57:30"
SPONSORED_PRODUCTS,"WF 672 1PC fba","WF 672 1PC fba",ENABLED,0.75,466837920817924,403055912838982,"2026-09-19 16:57:30"
SPONSORED_PRODUCTS,"WF 672 1PC fba PT","WF 672 1PC fba",ENABLED,0.80,511474283365313,470325043583617,"2026-09-19 16:57:30"
SPONSORED_PRODUCTS,"WF 672 2 PCS KW","WF 672 2 PCS",ENABLED,0.63,331399619659449,528924581744945,"2026-09-19 16:57:30"
SPONSORED_PRODUCTS,"WF 672 2 PCS PT","WF 672 2 PCS",ENABLED,0.63,556554724884917,385523433657885,"2026-09-19 16:57:30"
SPONSORED_PRODUCTS,"PARENT 08 CW PT","WF 8 120 PP 4OHM",ENABLED,0.81,336506521823038,380728987697289,"2026-09-19 16:57:30"
SPONSORED_PRODUCTS,"PARENT 08 CW KW","WF 8 120 PP 4OHM",ENABLED,0.81,426102601357314,404418222722380,"2026-09-19 16:57:30"
SPONSORED_PRODUCTS,"WF 8 120 PP 4OHM 2PCS KW","WF 8 120 PP 4OHM 2PCS",ENABLED,0.81,496550752308794,488581319092514,"2026-09-19 16:57:30"
SPONSORED_PRODUCTS,"WF 8 120 PP 4OHM 2PCS PT","WF 8 120 PP 4OHM 2PCS",ENABLED,0.81,557295432642366,536482722800665,"2026-09-19 16:57:30"
SPONSORED_PRODUCTS,"WF 8""-890 1PC PT","WF 8""-890 1PC",ENABLED,0.89,495480417599018,397583397920919,"2026-09-19 16:57:30"
SPONSORED_PRODUCTS,"WF 8""-890 1PC KW","WF 8""-890 1PC",ENABLED,0.80,506520888934526,490812121735612,"2026-09-19 16:57:30"
SPONSORED_PRODUCTS,"WF 8""-890 1PC FBA PT","WF 8""-890 1PC FBA",ENABLED,0.71,366753076662855,505773250944317,"2026-09-19 16:57:30"
SPONSORED_PRODUCTS,"WF 8""-890 1PC FBA","WF 8""-890 1PC FBA",ENABLED,0.71,328303449992157,300413957960563,"2026-09-19 16:57:30"
SPONSORED_PRODUCTS,"WF 8""-890 2PC KW","WF 8""-890 2PC",ENABLED,0.85,391522559740014,308280205022985,"2026-09-19 16:57:30"
SPONSORED_PRODUCTS,"WF 8""-890 2PC PT","WF 8""-890 2PC",ENABLED,0.85,330382688239147,523994921149198,"2026-09-19 16:57:30"
SPONSORED_PRODUCTS,"PARENT WF 890 PT","WF 8""-890 4PC",ENABLED,0.56,292377796407546,544171861917223,"2026-09-19 16:57:30"
SPONSORED_PRODUCTS,"PARENT WF 890 KW","WF 8""-890 4PC",ENABLED,0.75,405721722564301,500433220950012,"2026-09-19 16:57:30"
SPONSORED_PRODUCTS,"PARENT WF 8 PT","WF 8120 4 OHM",ENABLED,0.81,288560729675507,318156199867882,"2026-09-19 16:57:30"
SPONSORED_PRODUCTS,"PARENT WF 8 KW","WF 8120 4 OHM",ENABLED,0.75,462274858468834,298064405483566,"2026-09-19 16:57:30"
SPONSORED_PRODUCTS,"WF 8120 4 OHM 2PCS KW","WF 8120 4 OHM 2PCS",ENABLED,0.75,413164704911462,474067401885996,"2026-09-19 16:57:30"
SPONSORED_PRODUCTS,"WF 8120 4 OHM 2PCS PT","WF 8120 4 OHM 2PCS",ENABLED,0.56,306098148120492,291609303478865,"2026-09-19 16:57:30"
SPONSORED_PRODUCTS,"PARENT WF DBL KW","WF 8140 DBL D2",ENABLED,0.51,143600657860739,294292026547762,"2026-09-19 16:57:30"
SPONSORED_PRODUCTS,"WF 8140 DBL D4","WF 8140 DBL D4",ENABLED,0.51,177557116009067,443677056761295,"2026-09-19 16:57:30"
SPONSORED_PRODUCTS,"WF 890 GTR PT","WF 890 GTR",ENABLED,0.49,519793113947068,401444550172619,"2026-09-19 16:57:30"
SPONSORED_PRODUCTS,"WF81202PCS4OHM KW",WF81202PCS4OHM,ENABLED,0.82,462092684666161,319860510505311,"2026-09-19 16:57:30"
SPONSORED_PRODUCTS,"WF81202PCS4OHM PT",WF81202PCS4OHM,ENABLED,0.82,333487490225632,478298097350725,"2026-09-19 16:57:30"
SPONSORED_PRODUCTS,"WM SPK BLK KW","WM SPK BLK",ENABLED,0.47,295202005124555,308119402519145,"2026-09-19 16:57:30"
SPONSORED_PRODUCTS,"WM SPK BLK PT","WM SPK BLK",ENABLED,0.45,454246706842718,376643858910959,"2026-09-19 16:57:30"
SPONSORED_PRODUCTS,"WM SPK BLK FBA PT","WM SPK BLK FBA",ENABLED,0.53,294001051313592,354568585974793,"2026-09-19 16:57:30"
SPONSORED_PRODUCTS,"WM SPK BLK FBA","WM SPK BLK FBA",ENABLED,0.53,338513480712771,545118470501074,"2026-09-19 16:57:30"
SPONSORED_PRODUCTS,"WM SPK BLU PT","WM SPK BLU",ENABLED,0.45,310560496209056,492884522239885,"2026-09-19 16:57:30"
SPONSORED_PRODUCTS,"WM SPK BLU KW","WM SPK BLU",ENABLED,0.47,521612820838095,286103559467164,"2026-09-19 16:57:30"
SPONSORED_PRODUCTS,"WM SPK COPPER KW","WM SPK COPPER",ENABLED,0.47,412538900814262,557058126722156,"2026-09-19 16:57:30"
SPONSORED_PRODUCTS,"WM SPK COPPER PT","WM SPK COPPER",ENABLED,0.45,546871107970402,450342642594716,"2026-09-19 16:57:30"
SPONSORED_PRODUCTS,"WM SPK COPPER+GLD KW","WM SPK COPPER+GLD",ENABLED,0.47,291113420855907,285686954301518,"2026-09-19 16:57:30"
SPONSORED_PRODUCTS,"WM SPK COPPER+GLD PT","WM SPK COPPER+GLD",ENABLED,0.45,521676048397452,367561818855454,"2026-09-19 16:57:30"
SPONSORED_PRODUCTS,"WM SPK GLD KW","WM SPK GLD",ENABLED,0.47,353859402818606,381451565753726,"2026-09-19 16:57:30"
SPONSORED_PRODUCTS,"WM SPK GLD PT","WM SPK GLD",ENABLED,0.45,468172831055298,490082297315538,"2026-09-19 16:57:30"
SPONSORED_PRODUCTS,"WM SPK PINK PT","WM SPK PINK",ENABLED,0.45,493958299135937,288383487617684,"2026-09-19 16:57:30"
SPONSORED_PRODUCTS,"WM SPK PINK KW","WM SPK PINK",ENABLED,0.47,427739864712100,301945024280160,"2026-09-19 16:57:30"
SPONSORED_PRODUCTS,"WM SPK PNK+BLU KW","WM SPK PNK+BLU",ENABLED,0.75,447284022876383,533244253703796,"2026-09-19 16:57:30"
SPONSORED_PRODUCTS,"WM SPK PNK+BLU PT","WM SPK PNK+BLU",ENABLED,0.78,435481871256451,538948727203600,"2026-09-19 16:57:30"
SPONSORED_PRODUCTS,"PARENT WM UHF 02 KW","WM UHF 02-RED+BLK",ENABLED,0.87,468269165731022,465958274455226,"2026-09-19 16:57:30"
SPONSORED_PRODUCTS,"PARENT WM UHF 02 PT","WM UHF 02-RED+BLK",ENABLED,0.87,527539095301237,402290954458914,"2026-09-19 16:57:30"
SPONSORED_PRODUCTS,"WM UHF 02-RED+GRAY PT","WM UHF 02-RED+GRAY",ENABLED,0.76,286301830948314,314784469613760,"2026-09-19 16:57:30"
SPONSORED_PRODUCTS,"PARENT WST KW","WST 04-11 PAIR",ENABLED,0.65,444636574752244,311483185058432,"2026-09-19 16:57:30"
SPONSORED_PRODUCTS,"WST 04-11 PAIR PT","WST 04-11 PAIR",ENABLED,0.65,524491009184896,351091998871189,"2026-09-19 16:57:30"
SPONSORED_PRODUCTS,"PARENT WST PT","WST 04-15 Pair",ENABLED,0.59,517198950285447,304345601268240,"2026-09-19 16:57:30"
SPONSORED_PRODUCTS,"WST 04-15 Pair KW","WST 04-15 Pair",ENABLED,0.57,292011920225583,408204979734662,"2026-09-19 16:57:30"
SPONSORED_PRODUCTS,"xlr 1 pair FBA KW","xlr 1 pair FBA",ENABLED,0.75,378364711807775,302001115392634,"2026-09-19 16:57:30"
SPONSORED_PRODUCTS,,"xlr 1 pair FBA",ENABLED,0.75,305914180627865,490323449785504,"2026-09-19 16:57:30"
